,product_id,product_name
0,22485,set of 2 wooden market crates
1,22596,christmas star wish list chalkboard
2,23235,storage tin vintage leaf
3,23272,tree t-light holder willie winkie
4,23239,set of 4 knick knack tins poppies
5,21705,bag 500g swirly marbles
6,22118,joy wooden block letters
7,22119,peace wooden block letters
8,22217,t-light holder hanging lace
9,22216,t-light holder white lace
10,22380,toy tidy spaceboy
11,22442,grow your own flowers set of 3
12,22664,toy tidy dolly girl design
13,22721,set of 3 cake tins sketchbook
14,22723,set of 6 herb tins sketchbook
15,22785,squarecushion cover pink union jack
16,22955,36 foil star cake cases
17,23141,triple wire hook pink heart
18,22956,36 foil heart cake cases
19,22581,wood stocking christmas scandispot
20,23198,pantry magnetic shopping list
21,23197,sketchbook magnetic shopping list
22,23184,bull dog bottle opener
23,23168,classic cafe sugar dispenser
24,23167,small ceramic top storage jar
25,23166,medium ceramic top storage jar
26,23165,large ceramic top storage jar
27,23004,travel card wallet pantry
28,23002,travel card wallet skulls
29,23000,travel card wallet transport
30,22998,travel card wallet keep calm
31,22994,travel card wallet retrospot
32,22835,hot water bottle i am so poorly
33,22730,alarm clock bakelike ivory
34,22728,alarm clock bakelike pink
35,22727,alarm clock bakelike red
36,22726,alarm clock bakelike green
37,22720,set of 3 cake tins pantry design
38,22693,grow a flytrap or sunflower in tin
39,22670,french wc sign blue metal
40,22667,recipe box retrospot
41,22666,recipe box pantry yellow design
42,22631,circus parade lunch box
43,22628,picnic boxes set of 3 retrospot
44,22467,gumball coat rack
45,22197,popcorn holder
46,22114,hot water bottle tea and sympathy
47,22112,chocolate hot water bottle
48,21908,chocolate this way metal sign
49,21874,gin and tonic mug
50,21872,glamorous mug
51,21871,save the planet mug
52,21533,retrospot large milk jug
53,21481,fawn blue hot water bottle
54,21479,white skull hot water bottle
55,21248,door hanger mum + dads room
56,21216,set 3 retrospot tea/coffee/sugar
57,21181,please one person metal sign
58,21175,gin and tonic diet metal sign
59,21169,you're confusing me metal sign
60,21162,toxic area door hanger
61,21159,moody boy door hanger
62,21158,moody girl door hanger
63,21154,red retrospot oven glove
64,16016,large chinese style scissor
65,16014,small chinese style scissor
66,16008,small folding scissor(pointed edge)
67,85152,hand over the chocolate sign
68,84596F,small marshmallows pink bowl
69,84596B,small dolly mix design orange bowl
70,84510A,set of 4 english rose coasters
71,82600,n0 singing metal sign
72,82581,toilet metal sign
73,72232,feng shui pillar candle
74,47559B,tea time oven glove
75,47504H,english rose spirit level
76,23493,vintage doily travel sewing kit
77,23430,blue retro kitchen wall clock
78,23429,red retro kitchen wall clock
79,23428,ivory retro kitchen wall clock
80,23358,hot stuff hot water bottle
81,23293,set of 12 fairy cake baking cases
82,23243,set of tea coffee sugar tins pantry
83,23240,set of 4 knick knack tins doily
84,48111,doormat 3 smiley cats
85,22464,hanging metal heart lantern
86,20982,12 pencils tall tube skulls
87,20981,12 pencils tall tube woodland
88,23424,gingham recipe book box
89,23338,egg frying pan red
90,84970L,single heart zinc t-light holder
91,22457,natural slate heart chalkboard
92,22469,heart of wicker small
93,22909,set of 20 vintage christmas napkins
94,84947,antique silver tea glass engraved
95,23503,playing cards keep calm & carry on
96,23445,ice cream bubbles
97,23530,wall art only one person
98,84997C,childrens cutlery polkadot blue
99,84997D,childrens cutlery polkadot pink
100,84077,world war 2 gliders asstd designs
101,22749,feltcraft princess charlotte doll
102,23127,feltcraft girl nicole kit
103,23126,feltcraft girl amelie kit
104,22747,poppy's playhouse bathroom
105,22078,ribbon reel lace design
106,84946,antique silver t-light glass
107,22791,t-light glass fluted antique
108,21326,aged glass silver t-light holder
109,22170,picture frame wood triple portrait
110,23082,set 6 paper table lantern hearts
111,22909,set of 20 vintage christmas napkins
112,22087,paper bunting white lace
113,23464,vintage zinc watering can small
114,22411,jumbo shopper vintage red paisley
115,84029E,red woolly hottie white heart
116,22633,hand warmer union jack
117,23355,hot water bottle keep calm
118,84029G,knitted union flag hot water bottle
119,22112,chocolate hot water bottle
120,84347,rotating silver angels t-light hldr
121,21115,rose caravan doorstop
122,22059,ceramic strawberry design mug
123,22072,red retrospot tea cup and saucer
124,22123,ping microwave apron
125,22476,empire union jack tv dinner tray
126,22495,set of 2 round tins camembert
127,22496,set of 2 round tins dutch cheese
128,22513,doorstop football design
129,22500,set of 2 tins jardin de provence
130,22664,toy tidy dolly girl design
131,22721,set of 3 cake tins sketchbook
132,22785,squarecushion cover pink union jack
133,23178,jam clock magnet
134,23302,kneeling mat housework design
135,23533,wall art garden haven
136,84819,danish rose round sewing box
137,22371,airline bag vintage tokyo 78
138,21875,kings choice mug
139,23251,vintage red enamel trim mug
140,23300,gardeners kneeling pad cup of tea
141,22138,baking set 9 piece retrospot
142,23843,paper craft little birdie
143,22617,baking set spaceboy design
144,20749,assorted colour mini cases
145,22910,paper chain kit vintage christmas
146,22086,paper chain kit 50's christmas
147,23351,roll wrap 50's christmas
148,23352,roll wrap 50's red christmas
149,22727,alarm clock bakelike red
150,22730,alarm clock bakelike ivory
151,22491,pack of 12 coloured pencils
152,22561,wooden school colouring set
153,22489,pack of 12 traditional crayons
154,22560,traditional modelling clay
155,22139,retrospot tea set ceramic 11 pc
156,23344,jumbo bag 50's christmas
157,23203,jumbo bag vintage doily
158,85099B,jumbo bag red retrospot
159,23201,jumbo bag alphabet
160,23207,lunch bag alphabet design
161,21137,black record cover frame
162,23118,parisienne jewellery drawer
163,23111,parisienne sewing box
164,22179,set 10 night owl lights
165,22061,large cake stand hanging strawbery
166,22182,cake stand victorian filigree small
167,23571,traditional naughts & crosses
168,23369,set 36 colour pencils love london
169,23370,set 36 colouring pencils doily
170,23371,set 36 colour pencils spaceboy
171,23372,set 36 colour pencils dolly girl
172,23376,pack of 12 vintage christmas tissue
173,23377,pack of 12 dolly girl tissues
174,23378,pack of 12 50's christmas tissues
175,23379,pack of 12 red apple tissues
176,23380,pack of 12 vintage doily tissues
177,23381,pack of 12 vintage leaf tissues
178,23382,box of 6 christmas cake decorations
179,23391,i love london mini backpack
180,23392,spaceboy rocket lolly makers
181,23399,home sweet home hanging heart
182,23405,home sweet home 2 drawer cabinet
183,23418,lavender toilette bottle
184,23426,metal sign drop your pants
185,23434,3 raffia ribbons 50's christmas
186,23435,3 raffia ribbons vintage christmas
187,23439,hand warmer red love heart
188,23451,square mini portrait frame
189,23467,vintage zinc planter
190,23469,card holder love bird small
191,23480,mini lights woodland mushrooms
192,23493,vintage doily travel sewing kit
193,23494,vintage doily deluxe sewing kit
194,23495,set of 3 pantry wooden spoons
195,23497,classic chrome bicycle bell
196,23498,classic bicycle clips
197,23501,key ring baseball boot union jack
198,23506,mini playing cards spaceboy
199,23508,mini playing cards dolly girl
200,23510,mini playing cards gymkhana
201,23521,wall art cat and bird
202,23526,wall art dog licence
203,23530,wall art only one person
204,23534,wall art stop for tea
205,23535,wall art bicycle safety
206,23536,wall art village show
207,23538,wall art vintage heart
208,23551,pack of 12 paisley park tissues
209,23552,bicycle puncture repair kit
210,23555,landmark frame notting hill
211,23559,woodland bunnies lolly makers
212,23561,set of 6 ribbons party
213,23564,egg cup milkmaid ingrid
214,23565,egg cup milkmaid helga
215,23567,egg cup henrietta hen pink
216,23569,tradtional alphabet stamp set
217,23570,traditional pick up sticks game
218,23571,traditional naughts & crosses
219,23575,snack tray paisley park
220,23579,snack tray i love london
221,23611,set 10 cards red riding hood 17214
222,23616,set 10 cards jingle bells 17217
223,23621,set 10 cards david's madonna 17074
224,23635,set 10 cards christmas holly 17259
225,23644,set 10 cards christmas tree 16955
226,23660,henrietta hen mug
227,23661,milk maids mug
228,35095A,blue victorian fabric oval box
229,35095B,red victorian fabric oval box
230,35646,vintage bead pink evening bag
231,35648,vintage bead pink purse
232,35953,folkart star christmas decorations
233,35964,folkart clip on stars
234,35970,zinc folkart sleigh bells
235,46118,funky monkey cushion cover
236,46776A,woven bubble gum cushion cover
237,46776B,woven berries cushion cover
238,46776C,woven frost cushion cover
239,46776D,woven sunset cushion cover
240,46776E,woven candy cushion cover
241,46776F,woven rose garden cushion cover
242,47310M,small pop box funky monkey
243,47480,hanging photo clip rope ladder
244,47504H,english rose spirit level
245,47559B,tea time oven glove
246,47563A,retro longboard ironing board cover
247,47566,party bunting
248,47590B,pink happy birthday bunting
249,51014A,feather pen hot pink
250,51014L,feather pen light pink
251,71270,photo clip line
252,72349B,set/6 purple butterfly t-lights
253,72741,grand chocolatecandle
254,72800E,4 ivory dinner candles silver flock
255,79321,chilli lights
256,82484,wood black board ant white finish
257,82567,airline lounge metal sign
258,82582,area patrolled metal sign
259,82600,n0 singing metal sign
260,84031A,charlie+lola red hot water bottle
261,84077,world war 2 gliders asstd designs
262,84249A,greeting card square doughnuts
263,84347,rotating silver angels t-light hldr
264,84375,set of 20 kids cookie cutters
265,84378,set of 3 heart cookie cutters
266,84519B,carrot charlie+lola coaster set
267,84559A,3d sheet of dog stickers
268,84568,girls alphabet iron on patches
269,84569D,pack 6 heart/ice-cream patches
270,84596B,small dolly mix design orange bowl
271,84596F,small marshmallows pink bowl
272,84598,boys alphabet iron on patches
273,84692,box of 24 cocktail parasols
274,84755,colour glass t-light holder hanging
275,84828,jungle popsicles ice lolly moulds
276,84879,assorted colour bird ornament
277,84923,pink butterfly handbag w bobbles
278,84946,antique silver t-light glass
279,84970S,hanging heart zinc t-light holder
280,84978,hanging heart jar t-light holder
281,84991,60 teatime fairy cake cases
282,84997A,childrens cutlery polkadot green
283,84997B,childrens cutlery retrospot red
284,20733,gold mini tape measure
285,20777,chrysanthemum notebook
286,20782,camouflage ear muff headphones
287,20914,set/5 red retrospot lid glass bowls
288,20931,blue pot plant candle
289,20970,pink floral feltcraft shoulder bag
290,20971,pink blue felt craft trinket box
291,20972,pink cream felt craft trinket box
292,20973,12 pencil small tube woodland
293,20978,36 pencils tube skulls
294,20979,36 pencils tube red retrospot
295,20982,12 pencils tall tube skulls
296,20983,12 pencils tall tube red retrospot
297,20985,heart calculator
298,20986,blue calculator ruler
299,21000,rose du sud cosmetics bag
300,21012,antique all glass candlestick
301,21015,dark bird house tree decoration
302,21026,space owl
303,21035,set/2 red retrospot tea towels
304,21064,boom box speaker boys
305,21065,boom box speaker girls
306,21098,christmas toilet roll
307,21123,set/10 ivory polkadot party candles
308,21125,set 6 football celebration candles
309,21126,set of 6 girls celebration candles
310,21137,black record cover frame
311,21154,red retrospot oven glove
312,21158,moody girl door hanger
313,21162,toxic area door hanger
314,21166,cook with wine metal sign
315,21172,party metal sign
316,21174,pottering in the shed metal sign
317,21175,gin and tonic diet metal sign
318,21200,multicolour honeycomb paper garland
319,21201,tropical honeycomb paper garland
320,21212,pack of 72 retrospot cake cases
321,21213,pack of 72 skull cake cases
322,21220,set/4 badges dogs
323,21224,set/4 skull badges
324,21232,strawberry ceramic trinket pot
325,21257,victorian sewing box medium
326,21258,victorian sewing box large
327,21259,victorian sewing box small
328,21313,glass heart t-light holder
329,21314,small glass heart trinket pot
330,21328,balloons writing set
331,21329,dinosaurs writing set
332,21356,toast its - fairy flower
333,21378,small tall camphor wood toadstool
334,21379,camphor wood portobello mushroom
335,21383,pack of 12 sticky bunnies
336,21402,red egg spoon
337,21408,spotty pink duck doorstop
338,21411,gingham heart doorstop red
339,21467,cherry crochet food cover
340,21471,strawberry raffia food cover
341,21479,white skull hot water bottle
342,21481,fawn blue hot water bottle
343,21484,chick grey hot water bottle
344,21485,retrospot heart hot water bottle
345,21494,rotating leaves t-light holder
346,21506,fancy font birthday card
347,21507,elephant birthday card
348,21508,vintage kid dolly card
349,21509,cowboys and indians birthday card
350,21528,dairy maid traditional teapot
351,21544,skulls water transfer tattoos
352,21558,skull lunch box with cutlery
353,21559,strawberry lunch box with cutlery
354,21615,4 lavender botanical dinner candles
355,21616,4 pear botanical dinner candles
356,21620,set of 4 rose botanical candles
357,21642,assorted tutti frutti pen
358,21648,assorted tutti frutti small purse
359,21650,assorted tutti frutti bracelet
360,21675,butterflies stickers
361,21677,hearts stickers
362,21678,paisley pattern stickers
363,21680,woodland stickers
364,21703,bag 125g swirly marbles
365,21704,bag 250g swirly marbles
366,21716,boys vintage tin seaside bucket
367,21718,red metal beach spade
368,21724,panda and bunnies sticker sheet
369,21731,red toadstool led night light
370,21739,cosy slipper shoes small green
371,21774,decorative cats bathroom bottle
372,21786,polkadot rain hat
373,21787,rain poncho retrospot
374,21790,vintage snap cards
375,21791,vintage heads and tails card game
376,21808,christmas garland stars trees
377,21810,christmas hanging star with bell
378,21812,garland with hearts and bells
379,21813,garland with stars and bells
380,21822,glitter christmas tree with bells
381,21828,eight piece snake set
382,21832,chocolate calculator
383,21833,camouflage led torch
384,21871,save the planet mug
385,21874,gin and tonic mug
386,21876,pottering mug
387,21879,hearts gift tape
388,21889,wooden box of dominoes
389,21890,s/6 wooden skittles in cotton bag
390,21892,traditional wooden catch cup game
391,21900,key fob shed
392,21901,key fob back door
393,21902,key fob front door
394,21905,more butter metal sign
395,21906,pharmacie first aid tin
396,21914,blue harmonica in box
397,21916,set 12 retro white chalk sticks
398,21930,jumbo storage bag skulls
399,21931,jumbo storage bag suki
400,21932,scandinavian paisley picnic bag
401,21934,skull shoulder bag
402,21935,suki shoulder bag
403,21936,red retrospot picnic bag
404,21942,skulls design flannel
405,21945,strawberries design flannel
406,21947,set of 6 heart chopsticks
407,21949,set of 6 strawberry chopsticks
408,21967,pack of 12 skull tissues
409,21976,pack of 60 mushroom cake cases
410,21977,pack of 60 pink paisley cake cases
411,21980,pack of 12 red retrospot tissues
412,21981,pack of 12 woodland tissues
413,21982,pack of 12 suki tissues
414,21983,pack of 12 blue paisley tissues
415,21984,pack of 12 pink paisley tissues
416,21986,pack of 12 pink polkadot tissues
417,21989,pack of 20 skull paper napkins
418,21990,modern floral stationery set
419,21993,floral folk stationery set
420,22024,rainy ladies birthday card
421,22025,ring of roses birthday card
422,22026,banquet birthday card
423,22027,tea party birthday card
424,22028,penny farthing birthday card
425,22029,spaceboy birthday card
426,22031,botanical lavender birthday card
427,22037,robot birthday card
428,22064,pink doughnut trinket pot
429,22065,christmas pudding trinket pot
430,22068,black pirate treasure chest
431,22070,small red retrospot mug in box
432,22071,small white retrospot mug in box
433,22074,6 ribbons shimmering pinks
434,22075,6 ribbons elegant christmas
435,22076,6 ribbons empire
436,22083,paper chain kit retrospot
437,22085,paper chain kit skulls
438,22086,paper chain kit 50's christmas
439,22091,empire tissue box
440,22099,caravan square tissue box
441,22104,mirror mosaic candle plate
442,22106,mirror mosaic hurricane lamp
443,22107,pizza plate in box
444,22108,ping! microwave plate
445,22109,full english breakfast plate
446,22110,bird house hot water bottle
447,22111,scottie dog hot water bottle
448,22112,chocolate hot water bottle
449,22114,hot water bottle tea and sympathy
450,22116,metal sign his dinner is served
451,22121,noel wooden block letters
452,22123,ping microwave apron
453,22124,set of 2 tea towels ping microwave
454,22129,party cones candy decoration
455,22134,mini ladle love heart red
456,15036,assorted colours silk fan
457,15039,sandalwood fan
458,15058C,ice cream design garden parasol
459,16218,cartoon pencil sharpeners
460,16225,rattle snake eggs
461,16235,recycled pencil with rabbit eraser
462,16237,sleeping cat erasers
463,17038,porcelain budah incense holder
464,17084N,fairy dreams incense
465,20659,economy luggage tag
466,20665,red retrospot purse
467,20668,disco ball christmas decoration
468,20718,red retrospot shopper bag
469,20719,woodland charlotte bag
470,20723,strawberry charlotte bag
471,20724,red retrospot charlotte bag
472,22135,mini ladle love heart pink
473,22138,baking set 9 piece retrospot
474,22141,christmas craft tree top angel
475,22150,3 stripey mice feltcraft
476,22153,angel decoration stars on dress
477,22154,angel decoration 3 buttons
478,22155,star decoration rustic
479,22156,heart decoration with pearls
480,22163,heart string memo holder hanging
481,22165,diamante heart shaped wall mirror
482,22167,oval wall mirror diamante
483,22170,picture frame wood triple portrait
484,22173,metal 4 hook hanger french chateau
485,22174,photo cube
486,22178,victorian glass hanging t-light
487,22186,red star card holder
488,22190,local cafe mug
489,22193,red diner wall clock
490,22195,large heart measuring spoons
491,22196,small heart measuring spoons
492,22197,popcorn holder
493,22199,frying pan red retrospot
494,22209,wood stamp set happy birthday
495,22212,four hook white lovebirds
496,22219,lovebird hanging decoration white
497,22224,white lovebird lantern
498,22227,hanging heart mirror decoration
499,22260,felt egg cosy blue rabbit
500,22261,felt egg cosy white rabbit
501,22264,felt farm animal white bunny
502,22273,feltcraft doll molly
503,22277,cosmetic bag vintage rose paisley
504,22279,pocket bag blue paisley red spot
505,22280,pocket bag pink paisely brown spot
506,22300,coffee mug dog + ball design
507,22301,coffee mug cat + bird design
508,22307,gold mug bone china tree of life
509,22308,tea cosy blue stripe
510,22309,tea cosy red stripe
511,22324,blue polkadot kids bag
512,22326,round snack boxes set of4 woodland
513,22327,round snack boxes set of 4 skulls
514,22329,round container set of 5 retrospot
515,22338,star decoration painted zinc
516,22340,noel garland painted zinc
517,22342,home garland painted zinc
518,22348,tea bag plate red retrospot
519,22355,charlotte bag suki design
520,22356,charlotte bag pink polkadot
521,22357,kings choice biscuit tin
522,22358,kings choice tea caddy
523,22361,glass jar daisy fresh cotton wool
524,22362,glass jar peacock bath salts
525,22367,childrens apron spaceboy design
526,22372,airline bag vintage world champion
527,22374,airline bag vintage jet set red
528,85014B,red retrospot umbrella
529,85032C,curious images gift wrap set
530,85038,6 chocolate love heart t-lights
531,85039A,set/4 red mini rose candle in bowl
532,85039B,s/4 ivory mini rose candle in bowl
533,85040A,s/4 pink flower candles in bowl
534,85048,15cm christmas glass ball 20 lights
535,85049C,romantic pinks ribbons
536,85049G,chocolate box ribbons
537,85049H,urban black ribbons
538,85053,french enamel candleholder
539,85059,french enamel water basin
540,85066,cream sweetheart mini chest
541,85094,candy spot egg warmer rabbit
542,85114C,red enchanted forest placemat
543,85123A,cream hanging heart t-light holder
544,85131B,beaded crystal heart green on stick
545,85131D,beaded crystal heart pink on stick
546,85152,hand over the chocolate sign
547,85168B,black baroque carriage clock
548,85169C,eau de nil love bird candle
549,85170C,set/6 eau de nil bird t-lights
550,85173,set/6 frog prince t-light candles
551,85177,basket of flowers sewing kit
552,85178,victorian sewing kit
553,85179A,green bitty light chain
554,85199S,small hanging ivory/red wood bird
555,85227,set of 6 3d kit cards for kids
556,90003C,midnight blue pair heart hair slide
557,90003E,green pair heart hair slides
558,90010A,midnight blue glass/silver bracelet
559,90013A,midnight blue vintage earrings
560,90013C,green vintage earrings
561,90014A,silver mop orbit necklace
562,90016B,gold/mop pendant orbit necklace
563,90018B,gold mop orbit drop earrings
564,90019B,gold mop orbit bracelet
565,90027D,glass bead hoop earrings amethyst
566,90030B,red kukui coconut seed necklace
567,90055,cracked glaze earrings brown
568,90059A,diamante hair grip pack/2 crystal
569,90059D,diamante hair grip pack/2 peridot
570,90059E,diamante hair grip pack/2 ruby
571,90059F,diamante hair grip pack/2 lt rose
572,90072,ruby drop chandelier earrings
573,90086,crystal frog phone charm
574,90120B,blue murano twist bracelet
575,90120C,green murano twist bracelet
576,90130B,turq stone/crystal earrings
577,90130C,green stone/crystal earrings
578,90134,old rose combo bead necklace
579,90138,white/pink mini crystals necklace
580,90141B,ivory pendant triple shell necklace
581,90145,silver hoop earrings with flower
582,90155,resin necklace w pastel beads
583,90161D,ant copper pink boudicca bracelet
584,90163A,pink rosebud & pearl necklace
585,90165B,white rosebud pearl earrings
586,90168,2 daisies hair comb
587,90169,daisy hair comb
588,90170,daisy hair band
589,90174,butterfly hair band
590,90175A,white glass chunky charm bracelet
591,90175D,tigris eye chunky charm bracelet
592,90177A,classic diamante earrings jet
593,90177C,drop diamante earrings crystal
594,90181B,amethyst glass/shell/pearl necklace
595,90182C,black 3 bead drop earrings
596,90183A,amber drop earrings w long beads
597,90183C,black drop earrings w long beads
598,90184C,black chunky bead bracelet w strap
599,90185B,amethyst diamante expandable ring
600,90188,drop earrings w flower & leaf
601,90191,silver lariat 40cm
602,90192,jade drop earrings w filigree
603,90198A,vintage rose bead bracelet raspberr
604,90200A,purple sweetheart bracelet
605,90201A,purple enamel flower ring
606,90201B,black enamel flower ring
607,90201C,red enamel flower ring
608,90201D,green enamel flower ring
609,90202C,green enamel flower hair tie
610,90202D,pink enamel flower hair tie
611,90206C,crystal diamante star brooch
612,90208,pair of pink flower cluster slide
613,90210A,grey acrylic faceted bangle
614,22378,wall tidy retrospot
615,22379,recycling bag retrospot
616,22380,toy tidy spaceboy
617,22396,magnets pack of 4 retro photo
618,22411,jumbo shopper vintage red paisley
619,22418,10 colour spaceboy pen
620,22419,lipstick pen red
621,22420,lipstick pen baby pink
622,22421,lipstick pen fuschia
623,22422,toothpaste tube pen
624,22437,set of 9 black skull balloons
625,22441,grow your own basil in enamel mug
626,22446,pin cushion babushka pink
627,22457,natural slate heart chalkboard
628,22464,hanging metal heart lantern
629,22466,fairy tale cottage night light
630,22467,gumball coat rack
631,22478,birdhouse garden marker
632,22486,plasmatronic lamp
633,22488,natural slate rectangle chalkboard
634,22489,pack of 12 traditional crayons
635,22495,set of 2 round tins camembert
636,22540,mini jigsaw circus parade
637,22544,mini jigsaw spaceboy
638,22549,picture dominoes
639,22551,plasters in tin spaceboy
640,22553,plasters in tin skulls
641,22554,plasters in tin woodland animals
642,22555,plasters in tin strongman
643,22557,plasters in tin vintage paisley
644,22558,clothes pegs retrospot pack 24
645,22560,traditional modelling clay
646,22565,feltcraft hairbands pink and white
647,22566,feltcraft hairband pink and purple
648,22571,rocking horse red christmas
649,22573,star wooden christmas decoration
650,22574,heart wooden christmas decoration
651,22576,swallow wooden christmas decoration
652,22577,wooden heart christmas scandinavian
653,22578,wooden star christmas scandinavian
654,22580,advent calendar gingham sack
655,22581,wood stocking christmas scandispot
656,22585,pack of 6 birdy gift tags
657,22586,feltcraft hairband pink and blue
658,22589,cardholder gingham star
659,22591,cardholder gingham christmas tree
660,22592,cardholder holly wreath metal
661,22593,christmas gingham star
662,22594,christmas gingham tree
663,22597,musical zinc heart decoration
664,22598,christmas musical zinc tree
665,22599,christmas musical zinc star
666,22600,christmas retrospot star wood
667,22601,christmas retrospot angel wood
668,22602,retrospot wooden heart decoration
669,22608,pens assorted funky jeweled
670,22614,pack of 12 spaceboy tissues
671,22615,pack of 12 circus parade tissues
672,22616,pack of 12 london tissues
673,22619,set of 6 soldier skittles
674,22620,4 traditional spinning tops
675,22621,traditional knitting nancy
676,22629,spaceboy lunch box
677,22630,dolly girl lunch box
678,22632,hand warmer red retrospot
679,22633,hand warmer union jack
680,22634,childs breakfast set spaceboy
681,22650,ceramic pirate chest money bank
682,22651,gentleman shirt repair kit
683,22653,button box
684,22654,deluxe sewing kit
685,22659,lunch box i love london
686,22666,recipe box pantry yellow design
687,22693,grow a flytrap or sunflower in tin
688,22694,wicker star
689,22697,green regency teacup and saucer
690,22699,roses regency teacup and saucer
691,22701,pink dog bowl
692,22703,pink cat bowl
693,22712,card dolly girl
694,22713,card i love london
695,22714,card birthday cowboy
696,22716,card circus parade
697,22717,card dog and ball
698,22720,set of 3 cake tins pantry design
699,22725,alarm clock bakelike chocolate
700,22726,alarm clock bakelike green
701,22727,alarm clock bakelike red
702,22730,alarm clock bakelike ivory
703,22741,funky diva pen
704,22745,poppy's playhouse bedroom
705,22748,poppy's playhouse kitchen
706,22749,feltcraft princess charlotte doll
707,22751,feltcraft princess olivia doll
708,22753,small yellow babushka notebook
709,22754,small red babushka notebook
710,22757,large red babushka notebook
711,22758,large purple babushka notebook
712,22763,key cabinet ma campagne
713,22768,family photo frame cornice
714,22776,sweetheart 3 tier cake stand
715,22795,sweetheart recipe book stand
716,22798,antique glass dressing table pot
717,22800,antique tall swirlglass trinket pot
718,22809,set of 6 t-lights santa
719,22811,set of 6 t-lights cacti
720,22814,card party games
721,22815,card psychedelic apples
722,22816,card motorbike santa
723,22817,card suki birthday
724,22818,card christmas village
725,22819,birthday card retro spot
726,22835,hot water bottle i am so poorly
727,22865,hand warmer owl design
728,22866,hand warmer scotty dog design
729,22867,hand warmer bird design
730,22881,number tile vintage font 2
731,22885,number tile vintage font 6
732,22888,number tile vintage font 9
733,22890,novelty biscuits cake stand 3 tier
734,22898,childrens apron apples design
735,22899,children's apron dolly girl
736,22900,set 2 tea towels i love london
737,22905,calendar in season design
738,22907,pack of 20 napkins pantry design
739,22909,set of 20 vintage christmas napkins
740,22910,paper chain kit vintage christmas
741,22914,blue coat rack paris fashion
742,22922,fridge magnets us diner assorted
743,22924,fridge magnets la vie en rose
744,22928,yellow giant garden thermometer
745,22940,feltcraft christmas fairy
746,22941,christmas lights 10 reindeer
747,22943,christmas lights 10 vintage baubles
748,22948,metal decoration naughty children
749,22951,60 cake cases dolly girl design
750,22952,60 cake cases vintage christmas
751,22955,36 foil star cake cases
752,22960,jam making set with jars
753,22961,jam making set printed
754,22962,jam jar with pink lid
755,22963,jam jar with green lid
756,22964,3 piece spaceboy cookie cutter set
757,22965,3 traditional biscuit cutters set
758,22966,gingerbread man cookie cutter
759,22969,homemade jam scented candles
760,22975,spaceboy childrens egg cup
761,22976,circus parade childrens egg cup
762,22977,dolly girl childrens egg cup
763,22979,pantry washing up brush
764,22980,pantry scrubbing brush
765,22982,pantry pastry brush
766,22983,card billboard font
767,22984,card gingham rose
768,22988,soldiers egg cup
769,22989,set 2 pantry design tea towels
770,22992,revolver wooden ruler
771,22993,set of 4 pantry jelly moulds
772,22995,travel card wallet suki
773,22996,travel card wallet vintage ticket
774,22997,travel card wallet union jack
775,22998,travel card wallet keep calm
776,22999,travel card wallet vintage leaf
777,23005,travel card wallet i love london
778,23007,spaceboy baby gift set
779,23009,i love london baby gift set
780,23012,glass apothecary bottle perfume
781,23013,glass apothecary bottle tonic
782,23014,glass apothecary bottle elixir
783,23050,recycled acapulco mat green
784,23051,recycled acapulco mat blue
785,23052,recycled acapulco mat turquoise
786,23053,recycled acapulco mat pink
787,23054,recycled acapulco mat lavender
788,23074,embossed heart trinket box
789,23076,ice cream sundae lip gloss
790,23077,doughnut lip gloss
791,23082,set 6 paper table lantern hearts
792,23083,set 6 paper table lantern stars
793,23084,rabbit night light
794,23088,zinc heart flower t-light holder
795,23089,glass bon bon jar
796,23093,small parisienne heart photo frame
797,23103,jingle bell heart decoration
798,23110,parisienne key cabinet
799,23111,parisienne sewing box
800,23112,parisienne curio cabinet
801,23118,parisienne jewellery drawer
802,23158,set of 5 lucky cat magnets
803,23165,large ceramic top storage jar
804,23166,medium ceramic top storage jar
805,23168,classic cafe sugar dispenser
806,23171,regency tea plate green
807,23172,regency tea plate pink
808,23173,regency teapot roses
809,23175,regency milk jug pink
810,23177,treasure island book box
811,23183,mother's kitchen spoon rest
812,23184,bull dog bottle opener
813,23188,vintage 2 metre folding ruler
814,23191,bundle of 3 retro note books
815,23194,gymkhana treasure book box
816,23196,vintage leaf magnetic notepad
817,23197,sketchbook magnetic shopping list
818,23198,pantry magnetic shopping list
819,23204,charlotte bag apples design
820,23205,charlotte bag vintage alphabet
821,23212,heart wreath decoration with bell
822,23213,star wreath decoration with bell
823,23220,reindeer heart decoration gold
824,23224,cherub heart decoration gold
825,23229,vintage donkey tail game
826,23234,biscuit tin vintage christmas
827,23241,treasure tin gymkhana design
828,23243,set of tea coffee sugar tins pantry
829,23245,set of 3 regency cake tins
830,23247,biscuit tin 50's christmas
831,23264,set of 3 wooden sleigh decorations
832,23265,set of 3 wooden tree decorations
833,23266,set of 3 wooden stocking decoration
834,23274,star t-light holder willie winkie
835,23275,set of 3 hanging owls ollie beak
836,23280,folding butterfly mirror hot pink
837,23284,doormat keep calm and come in
838,23285,pink vintage spot beaker
839,23287,red vintage spot beaker
840,23290,spaceboy childrens bowl
841,23292,spaceboy childrens cup
842,23293,set of 12 fairy cake baking cases
843,23294,set of 6 snack loaf baking cases
844,23295,set of 12 mini loaf baking cases
845,23298,spotty bunting
846,23299,food cover with beads set 2
847,23300,gardeners kneeling pad cup of tea
848,23301,gardeners kneeling pad keep calm
849,23307,set of 60 pantry design cake cases
850,23308,set of 60 vintage leaf cake cases
851,23309,set of 60 i love london cake cases
852,23310,bubblegum ring assorted
853,23311,vintage christmas stocking
854,23312,vintage christmas gift sack
855,23313,vintage christmas bunting
856,23314,vintage christmas tablecloth
857,23319,box of 6 mini 50's crackers
858,23322,large white heart of wicker
859,23323,white wicker star
860,23328,set 6 school milk bottles in crate
861,23332,ivory wicker heart large
862,23334,ivory wicker heart small
863,23336,egg frying pan pink
864,23340,vintage christmas cake frill
865,23345,dolly girl beaker
866,23347,i love london beaker
867,23349,roll wrap vintage christmas
868,23351,roll wrap 50's christmas
869,23352,roll wrap 50's red christmas
870,23353,6 gift tags vintage christmas
871,23354,6 gift tags 50's christmas
872,23357,hot water bottle sex bomb
873,23358,hot stuff hot water bottle
874,23365,set 12 colour pencils love london
875,23366,set 12 colouring pencils doily
876,23367,set 12 colour pencils spaceboy
877,23368,set 12 colour pencils dolly girl
878,23581,jumbo bag paisley park
879,21928,jumbo bag scandinavian blue paisley
880,21929,jumbo bag pink vintage paisley
881,85099C,jumbo bag baroque black white
882,23199,jumbo bag apples
883,23200,jumbo bag pears
884,23202,jumbo bag vintage leaf
885,23343,jumbo bag vintage christmas
886,23344,jumbo bag 50's christmas
887,23583,lunch bag paisley park
888,20727,lunch bag black skull
889,20728,lunch bag cars blue
890,20725,lunch bag red retrospot
891,20726,lunch bag woodland
892,22662,lunch bag dolly girl design
893,23206,lunch bag apple design
894,23208,lunch bag vintage leaf design
895,23375,50's christmas paper gift bag
896,23437,50's christmas gift bag large
897,22821,gift bag psychedelic apples
898,79190B,retro plastic polka tray
899,79190A,retro plastic 70's tray
900,22915,assorted bottle top magnets
901,22151,place setting white heart
902,22632,hand warmer red retrospot
903,22865,hand warmer owl design
904,20718,red retrospot shopper bag
905,79190B,retro plastic polka tray
906,71459,hanging jam jar t-light holders
907,84945,multi colour silver t-light holder
908,22356,charlotte bag pink polkadot
909,20724,red retrospot charlotte bag
910,23204,charlotte bag apples design
911,21108,fairy cake flannel assorted colour
912,22252,birdcage decoration tealight holder
913,22807,set of 6 t-lights toadstools
914,23084,rabbit night light
915,21559,strawberry lunch box with cutlery
916,21506,fancy font birthday card
917,22716,card circus parade
918,22556,plasters in tin circus parade
919,22328,round snack boxes set of 4 fruits
920,22730,alarm clock bakelike ivory
921,22633,hand warmer union jack
922,22326,round snack boxes set of4 woodland
923,10125,mini funky design tapes
924,23367,set 12 colour pencils spaceboy
925,22551,plasters in tin spaceboy
926,22554,plasters in tin woodland animals
927,22549,picture dominoes
928,23388,woodland mini backpack
929,23390,dolly girl mini backpack
930,23389,spaceboy mini backpack
931,23535,wall art bicycle safety
932,22699,roses regency teacup and saucer
933,22698,pink regency teacup and saucer
934,22697,green regency teacup and saucer
935,22633,hand warmer union jack
936,15056N,edwardian parasol natural
937,23439,hand warmer red love heart
938,48138,doormat union flag
939,21523,doormat fancy font home sweet home
940,21877,home sweet home mug
941,21871,save the planet mug
942,22798,antique glass dressing table pot
943,23173,regency teapot roses
944,22423,regency cakestand 3 tier
945,22664,toy tidy dolly girl design
946,22721,set of 3 cake tins sketchbook
947,72800E,4 ivory dinner candles silver flock
948,23313,vintage christmas bunting
949,22952,60 cake cases vintage christmas
950,22909,set of 20 vintage christmas napkins
951,23298,spotty bunting
952,23598,paper bunting vintage party
953,16169E,wrap 50's christmas
954,23351,roll wrap 50's christmas
955,23350,roll wrap vintage spot
956,22865,hand warmer owl design
957,22632,hand warmer red retrospot
958,22835,hot water bottle i am so poorly
959,22112,chocolate hot water bottle
960,23355,hot water bottle keep calm
961,22314,office mug warmer choc+blue
962,22313,office mug warmer pink
963,23084,rabbit night light
964,20831,gold photo frame
965,21115,rose caravan doorstop
966,21462,nursery a b c painted letters
967,22076,6 ribbons empire
968,22190,local cafe mug
969,22215,cake stand white two tier lace
970,22220,cake stand lovebird 2 tier white
971,22464,hanging metal heart lantern
972,22465,hanging metal star lantern
973,22539,mini jigsaw dolly girl
974,22544,mini jigsaw spaceboy
975,23438,red spot gift bag large
976,23437,50's christmas gift bag large
977,20719,woodland charlotte bag
978,20723,strawberry charlotte bag
979,20724,red retrospot charlotte bag
980,21212,pack of 72 retrospot cake cases
981,21238,red retrospot cup
982,21242,red retrospot plate
983,21479,white skull hot water bottle
984,21481,fawn blue hot water bottle
985,21481,fawn blue hot water bottle
986,21484,chick grey hot water bottle
987,21668,red stripe ceramic drawer knob
988,21670,blue spot ceramic drawer knob
989,21671,red spot ceramic drawer knob
990,21672,white spot red ceramic drawer knob
991,21673,white spot blue ceramic drawer knob
992,21714,citronella candle garden pot
993,22110,bird house hot water bottle
994,22111,scottie dog hot water bottle
995,22112,chocolate hot water bottle
996,22114,hot water bottle tea and sympathy
997,22197,popcorn holder
998,22355,charlotte bag suki design
999,22356,charlotte bag pink polkadot
1000,22356,charlotte bag pink polkadot
1001,22423,regency cakestand 3 tier
1002,22725,alarm clock bakelike chocolate
1003,22726,alarm clock bakelike green
1004,22727,alarm clock bakelike red
1005,22730,alarm clock bakelike ivory
1006,22735,ribbon reel socks and mittens
1007,22736,ribbon reel making snowmen
1008,22738,ribbon reel snowy village
1009,22805,blue drawer knob acrylic edwardian
1010,22835,hot water bottle i am so poorly
1011,22895,set of 2 tea towels apple and pears
1012,22896,peg bag apples design
1013,22898,childrens apron apples design
1014,22943,christmas lights 10 vintage baubles
1015,23084,rabbit night light
1016,23168,classic cafe sugar dispenser
1017,23204,charlotte bag apples design
1018,23205,charlotte bag vintage alphabet
1019,23301,gardeners kneeling pad keep calm
1020,23355,hot water bottle keep calm
1021,23356,love hot water bottle
1022,23357,hot water bottle sex bomb
1023,23358,hot stuff hot water bottle
1024,35970,zinc folkart sleigh bells
1025,47566,party bunting
1026,82583,hot baths metal sign
1027,84029G,knitted union flag hot water bottle
1028,84997C,childrens cutlery polkadot blue
1029,85049G,chocolate box ribbons
1030,20727,lunch bag black skull
1031,22383,lunch bag suki design
1032,23206,lunch bag apple design
1033,23206,lunch bag apple design
1034,23207,lunch bag alphabet design
1035,23208,lunch bag vintage leaf design
1036,20669,red heart luggage tag
1037,20679,edwardian parasol red
1038,20717,strawberry shopper bag
1039,20718,red retrospot shopper bag
1040,20750,red retrospot mini cases
1041,20961,strawberry bath sponge
1042,20963,apple bath sponge
1043,21115,rose caravan doorstop
1044,21125,set 6 football celebration candles
1045,21137,black record cover frame
1046,21155,red retrospot peg bag
1047,21166,cook with wine metal sign
1048,21169,you're confusing me metal sign
1049,21174,pottering in the shed metal sign
1050,21181,please one person metal sign
1051,21216,set 3 retrospot tea/coffee/sugar
1052,21217,red retrospot round cake tins
1053,21218,red spotty biscuit tin
1054,21232,strawberry ceramic trinket pot
1055,21239,pink polkadot cup
1056,21257,victorian sewing box medium
1057,21327,skulls writing set
1058,21328,balloons writing set
1059,21329,dinosaurs writing set
1060,21411,gingham heart doorstop red
1061,21430,set/3 red gingham rose storage box
1062,21494,rotating leaves t-light holder
1063,21523,doormat fancy font home sweet home
1064,21557,set of 6 funky beakers
1065,21558,skull lunch box with cutlery
1066,21731,red toadstool led night light
1067,21754,home building block word
1068,21790,vintage snap cards
1069,21843,red retrospot cake stand
1070,21864,union jack flag passport cover
1071,21874,gin and tonic mug
1072,21876,pottering mug
1073,21890,s/6 wooden skittles in cotton bag
1074,21912,vintage snakes & ladders
1075,21916,set 12 retro white chalk sticks
1076,21930,jumbo storage bag skulls
1077,21931,jumbo storage bag suki
1078,21934,skull shoulder bag
1079,21935,suki shoulder bag
1080,21942,skulls design flannel
1081,21955,doormat union jack guns and roses
1082,21977,pack of 60 pink paisley cake cases
1083,21983,pack of 12 blue paisley tissues
1084,21987,pack of 6 skull paper cups
1085,21989,pack of 20 skull paper napkins
1086,22041,"record frame 7"" single size"
1087,22059,ceramic strawberry design mug
1088,22069,brown pirate treasure chest
1089,22077,6 ribbons rustic charm
1090,22083,paper chain kit retrospot
1091,22086,paper chain kit 50's christmas
1092,22099,caravan square tissue box
1093,22114,hot water bottle tea and sympathy
1094,22139,retrospot tea set ceramic 11 pc
1095,22141,christmas craft tree top angel
1096,22142,christmas craft white fairy
1097,22144,christmas craft little friends
1098,22161,heart decoration rustic hanging
1099,22173,metal 4 hook hanger french chateau
1100,22174,photo cube
1101,22175,pink owl soft toy
1102,22178,victorian glass hanging t-light
1103,22179,set 10 night owl lights
1104,22186,red star card holder
1105,22187,green christmas tree card holder
1106,22193,red diner wall clock
1107,22195,large heart measuring spoons
1108,22196,small heart measuring spoons
1109,22207,frying pan union flag
1110,22278,overnight bag vintage rose paisley
1111,22301,coffee mug cat + bird design
1112,22302,coffee mug pears design
1113,22303,coffee mug apples design
1114,22304,coffee mug blue paisley design
1115,22308,tea cosy blue stripe
1116,22327,round snack boxes set of 4 skulls
1117,22328,round snack boxes set of 4 fruits
1118,22352,lunch box with cutlery retrospot
1119,22357,kings choice biscuit tin
1120,22358,kings choice tea caddy
1121,22367,childrens apron spaceboy design
1122,22371,airline bag vintage tokyo 78
1123,22374,airline bag vintage jet set red
1124,22378,wall tidy retrospot
1125,22379,recycling bag retrospot
1126,22381,toy tidy pink polkadot
1127,22411,jumbo shopper vintage red paisley
1128,22422,toothpaste tube pen
1129,22424,enamel bread bin cream
1130,22429,enamel measuring jug cream
1131,22456,natural slate chalkboard large
1132,22457,natural slate heart chalkboard
1133,22471,tv dinner tray air hostess
1134,22474,spaceboy tv dinner tray
1135,22488,natural slate rectangle chalkboard
1136,22498,wooden regatta bunting
1137,22507,memo board retrospot design
1138,22526,wheelbarrow for children
1139,22553,plasters in tin skulls
1140,22557,plasters in tin vintage paisley
1141,22619,set of 6 soldier skittles
1142,22622,box of vintage alphabet blocks
1143,22624,ivory kitchen scales
1144,22629,spaceboy lunch box
1145,22632,hand warmer red retrospot
1146,22645,ceramic heart fairy cake money bank
1147,22654,deluxe sewing kit
1148,22659,lunch box i love london
1149,22666,recipe box pantry yellow design
1150,22676,french blue metal door sign 1
1151,22684,french blue metal door sign 9
1152,22694,wicker star
1153,22697,green regency teacup and saucer
1154,22698,pink regency teacup and saucer
1155,22699,roses regency teacup and saucer
1156,22722,set of 6 spice tins pantry design
1157,22733,3d traditional christmas stickers
1158,22734,set of 6 ribbons vintage christmas
1159,22776,sweetheart 3 tier cake stand
1160,22795,sweetheart recipe book stand
1161,22807,set of 6 t-lights toadstools
1162,22813,pack 3 boxes bird panettone
1163,22838,3 tier cake tin red and cream
1164,22844,vintage cream dog food container
1165,22845,vintage cream cat food container
1166,22865,hand warmer owl design
1167,22866,hand warmer scotty dog design
1168,22891,tea for one polkadot
1169,22900,set 2 tea towels i love london
1170,22910,paper chain kit vintage christmas
1171,22952,60 cake cases vintage christmas
1172,22960,jam making set with jars
1173,22961,jam making set printed
1174,22966,gingerbread man cookie cutter
1175,22993,set of 4 pantry jelly moulds
1176,23012,glass apothecary bottle perfume
1177,23013,glass apothecary bottle tonic
1178,23014,glass apothecary bottle elixir
1179,23080,red metal box top secret
1180,23170,regency tea plate roses
1181,23171,regency tea plate green
1182,23172,regency tea plate pink
1183,23181,bull dog bottle top wall clock
1184,23196,vintage leaf magnetic notepad
1185,23198,pantry magnetic shopping list
1186,23245,set of 3 regency cake tins
1187,23295,set of 12 mini loaf baking cases
1188,23298,spotty bunting
1189,23300,gardeners kneeling pad cup of tea
1190,23301,gardeners kneeling pad keep calm
1191,23311,vintage christmas stocking
1192,23312,vintage christmas gift sack
1193,23328,set 6 school milk bottles in crate
1194,23349,roll wrap vintage christmas
1195,23351,roll wrap 50's christmas
1196,23352,roll wrap 50's red christmas
1197,23353,6 gift tags vintage christmas
1198,23354,6 gift tags 50's christmas
1199,23368,set 12 colour pencils dolly girl
1200,23369,set 36 colour pencils love london
1201,23370,set 36 colouring pencils doily
1202,23382,box of 6 christmas cake decorations
1203,23388,woodland mini backpack
1204,23480,mini lights woodland mushrooms
1205,23493,vintage doily travel sewing kit
1206,23494,vintage doily deluxe sewing kit
1207,23497,classic chrome bicycle bell
1208,23501,key ring baseball boot union jack
1209,23564,egg cup milkmaid ingrid
1210,35970,zinc folkart sleigh bells
1211,48138,doormat union flag
1212,71053,white moroccan metal lantern
1213,72349B,set/6 purple butterfly t-lights
1214,79321,chilli lights
1215,82001S,silver record cover frame
1216,82482,wooden picture frame white finish
1217,82552,washroom metal sign
1218,21171,bathroom metal sign
1219,82581,toilet metal sign
1220,82600,n0 singing metal sign
1221,84029E,red woolly hottie white heart
1222,84032A,charlie+lola pink hot water bottle
1223,84032B,charlie + lola red hot water bottle
1224,84375,set of 20 kids cookie cutters
1225,84509A,set of 4 english rose placemats
1226,84558A,3d dog picture playing cards
1227,84832,zinc willie winkie candle stick
1228,84968E,set of 16 vintage black cutlery
1229,84970S,hanging heart zinc t-light holder
1230,84997A,childrens cutlery polkadot green
1231,84997B,childrens cutlery retrospot red
1232,84997D,childrens cutlery polkadot pink
1233,85038,6 chocolate love heart t-lights
1234,85048,15cm christmas glass ball 20 lights
1235,85049A,traditional christmas ribbons
1236,85049E,scandinavian reds ribbons
1237,85150,ladies & gentlemen metal sign
1238,85174,s/4 cacti candles
1239,20712,jumbo bag woodland animals
1240,20713,jumbo bag owls
1241,21928,jumbo bag scandinavian blue paisley
1242,22386,jumbo bag pink polkadot
1243,22663,jumbo bag dolly girl design
1244,23199,jumbo bag apples
1245,23201,jumbo bag alphabet
1246,85099B,jumbo bag red retrospot
1247,85099C,jumbo bag baroque black white
1248,20726,lunch bag woodland
1249,20728,lunch bag cars blue
1250,22384,lunch bag pink polkadot
1251,23437,50's christmas gift bag large
1252,82486,3 drawer antique white wood cabinet
1253,85066,cream sweetheart mini chest
1254,48187,doormat new england
1255,22319,hairclips forties fabric assorted
1256,20704,mr robot soft toy
1257,21564,pink heart shape love bucket
1258,21563,red heart shape love bucket
1259,22165,diamante heart shaped wall mirror
1260,22299,pig keyring with light & sound
1261,22447,pin cushion babushka blue
1262,22442,grow your own flowers set of 3
1263,22495,set of 2 round tins camembert
1264,22544,mini jigsaw spaceboy
1265,22695,wicker wreath small
1266,22785,squarecushion cover pink union jack
1267,22811,set of 6 t-lights cacti
1268,22807,set of 6 t-lights toadstools
1269,22942,christmas lights 10 santas
1270,22808,set of 6 t-lights easter chicks
1271,23143,zinc wire kitchen organiser
1272,23151,zinc sweetheart soap dish
1273,23425,storage tin home sweet home
1274,84356,pompom curtain
1275,85173,set/6 frog prince t-light candles
1276,21731,red toadstool led night light
1277,23480,mini lights woodland mushrooms
1278,22545,mini jigsaw bunnies
1279,22087,paper bunting white lace
1280,21209,multicolour honeycomb fan
1281,20668,disco ball christmas decoration
1282,21790,vintage snap cards
1283,23270,set of 2 ceramic painted hearts
1284,23103,jingle bell heart decoration
1285,22576,swallow wooden christmas decoration
1286,22153,angel decoration stars on dress
1287,21810,christmas hanging star with bell
1288,22155,star decoration rustic
1289,23210,white rocking horse hand painted
1290,22573,star wooden christmas decoration
1291,22075,6 ribbons elegant christmas
1292,85049A,traditional christmas ribbons
1293,22734,set of 6 ribbons vintage christmas
1294,23274,star t-light holder willie winkie
1295,22153,angel decoration stars on dress
1296,22596,christmas star wish list chalkboard
1297,22952,60 cake cases vintage christmas
1298,22141,christmas craft tree top angel
1299,22753,small yellow babushka notebook
1300,22755,small purple babushka notebook
1301,22754,small red babushka notebook
1302,22721,set of 3 cake tins sketchbook
1303,22059,ceramic strawberry design mug
1304,22199,frying pan red retrospot
1305,22200,frying pan pink polkadot
1306,84032A,charlie+lola pink hot water bottle
1307,84032B,charlie + lola red hot water bottle
1308,84031A,charlie+lola red hot water bottle
1309,84031B,charlie lola blue hot water bottle
1310,22646,ceramic strawberry cake money bank
1311,22644,ceramic cherry cake money bank
1312,22645,ceramic heart fairy cake money bank
1313,22394,paperweight kings choice
1314,17091J,vanilla incense in tin
1315,35471D,set of 3 bird light pink feather
1316,22075,6 ribbons elegant christmas
1317,17091J,vanilla incense in tin
1318,22069,brown pirate treasure chest
1319,22068,black pirate treasure chest
1320,22500,set of 2 tins jardin de provence
1321,22075,6 ribbons elegant christmas
1322,21705,bag 500g swirly marbles
1323,21109,large cake towel chocolate spots
1324,21111,swiss roll towel chocolate spots
1325,21705,bag 500g swirly marbles
1326,22185,slate tile natural hanging
1327,22442,grow your own flowers set of 3
1328,21620,set of 4 rose botanical candles
1329,84029G,knitted union flag hot water bottle
1330,21485,retrospot heart hot water bottle
1331,22111,scottie dog hot water bottle
1332,23355,hot water bottle keep calm
1333,22112,chocolate hot water bottle
1334,23356,love hot water bottle
1335,21108,fairy cake flannel assorted colour
1336,22171,3 hook photo shelf antique white
1337,23301,gardeners kneeling pad keep calm
1338,23193,buffalo bill treasure book box
1339,23194,gymkhana treasure book box
1340,23084,rabbit night light
1341,22068,black pirate treasure chest
1342,22956,36 foil heart cake cases
1343,20936,forked cactus candle
1344,23040,paper lantern 9 point snow star
1345,22909,set of 20 vintage christmas napkins
1346,21222,set/4 badges beetles
1347,21220,set/4 badges dogs
1348,21224,set/4 skull badges
1349,85123A,cream hanging heart t-light holder
1350,22992,revolver wooden ruler
1351,79066K,retro mod tray
1352,84380,set of 3 butterfly cookie cutters
1353,23371,set 36 colour pencils spaceboy
1354,22694,wicker star
1355,22095,lads only tissue box
1356,23275,set of 3 hanging owls ollie beak
1357,21673,white spot blue ceramic drawer knob
1358,21670,blue spot ceramic drawer knob
1359,85071C,"charlie+lola""extremely busy"" sign"
1360,23349,roll wrap vintage christmas
1361,23034,drawer knob ceramic black
1362,21669,blue stripe ceramic drawer knob
1363,23033,drawer knob ceramic red
1364,21668,red stripe ceramic drawer knob
1365,23275,set of 3 hanging owls ollie beak
1366,23318,box of 6 mini vintage crackers
1367,23382,box of 6 christmas cake decorations
1368,22469,heart of wicker small
1369,22899,children's apron dolly girl
1370,22367,childrens apron spaceboy design
1371,22899,children's apron dolly girl
1372,23527,wall art animals and nature
1373,23524,wall art horse & pony
1374,23525,wall art buffalo bill
1375,84380,set of 3 butterfly cookie cutters
1376,23122,party charms 50 pieces
1377,21990,modern floral stationery set
1378,21329,dinosaurs writing set
1379,21328,balloons writing set
1380,22561,wooden school colouring set
1381,84519A,tomato charlie+lola coaster set
1382,84519B,carrot charlie+lola coaster set
1383,35004B,set of 3 black flying ducks
1384,22068,black pirate treasure chest
1385,23353,6 gift tags vintage christmas
1386,21591,cosy hour cigar box matches
1387,22197,popcorn holder
1388,23320,giant 50's christmas cracker
1389,23349,roll wrap vintage christmas
1390,22985,wrap billboard fonts design
1391,23040,paper lantern 9 point snow star
1392,23040,paper lantern 9 point snow star
1393,21194,pink honeycomb paper fan
1394,21208,pastel colour honeycomb fan
1395,79190D,retro plastic daisy tray
1396,79190B,retro plastic polka tray
1397,22909,set of 20 vintage christmas napkins
1398,23318,box of 6 mini vintage crackers
1399,23319,box of 6 mini 50's crackers
1400,23537,wall art i love london
1401,22992,revolver wooden ruler
1402,22991,giraffe wooden ruler
1403,23190,bundle of 3 school exercise books
1404,21194,pink honeycomb paper fan
1405,35004B,set of 3 black flying ducks
1406,22694,wicker star
1407,21355,toast its - i love you
1408,23343,jumbo bag vintage christmas
1409,23343,jumbo bag vintage christmas
1410,20727,lunch bag black skull
1411,20725,lunch bag red retrospot
1412,23404,home sweet home blackboard
1413,21417,cockle shell dish
1414,22464,hanging metal heart lantern
1415,22465,hanging metal star lantern
1416,84971S,small heart flowers hook
1417,22624,ivory kitchen scales
1418,22627,mint kitchen scales
1419,22625,red kitchen scales
1420,23355,hot water bottle keep calm
1421,21326,aged glass silver t-light holder
1422,21479,white skull hot water bottle
1423,23356,love hot water bottle
1424,21137,black record cover frame
1425,22141,christmas craft tree top angel
1426,22175,pink owl soft toy
1427,21481,fawn blue hot water bottle
1428,23570,traditional pick up sticks game
1429,22326,round snack boxes set of4 woodland
1430,22331,woodland party bag + sticker set
1431,22834,hand warmer babushka design
1432,21914,blue harmonica in box
1433,22139,retrospot tea set ceramic 11 pc
1434,23077,doughnut lip gloss
1435,20750,red retrospot mini cases
1436,22505,memo board cottage design
1437,23326,hanging mini coloured bottles
1438,21313,glass heart t-light holder
1439,48187,doormat new england
1440,23317,blue refectory clock
1441,23197,sketchbook magnetic shopping list
1442,21012,antique all glass candlestick
1443,22227,hanging heart mirror decoration
1444,22794,sweetheart wire magazine rack
1445,23182,toilet sign occupied or vacant
1446,21755,love building block word
1447,85053,french enamel candleholder
1448,23110,parisienne key cabinet
1449,21169,you're confusing me metal sign
1450,21258,victorian sewing box large
1451,23168,classic cafe sugar dispenser
1452,23167,small ceramic top storage jar
1453,21314,small glass heart trinket pot
1454,21137,black record cover frame
1455,44234,assorted circular mobile
1456,84347,rotating silver angels t-light hldr
1457,23328,set 6 school milk bottles in crate
1458,22627,mint kitchen scales
1459,22624,ivory kitchen scales
1460,23245,set of 3 regency cake tins
1461,22326,round snack boxes set of4 woodland
1462,22328,round snack boxes set of 4 fruits
1463,23238,set of 4 knick knack tins london
1464,23237,set of 4 knick knack tins leaf
1465,21257,victorian sewing box medium
1466,21258,victorian sewing box large
1467,23111,parisienne sewing box
1468,22077,6 ribbons rustic charm
1469,22074,6 ribbons shimmering pinks
1470,22621,traditional knitting nancy
1471,23199,jumbo bag apples
1472,23581,jumbo bag paisley park
1473,21124,set/10 blue polkadot party candles
1474,21122,set/10 pink polkadot party candles
1475,21121,set/10 red polkadot party candles
1476,23389,spaceboy mini backpack
1477,22556,plasters in tin circus parade
1478,22976,circus parade childrens egg cup
1479,23255,childrens cutlery circus parade
1480,84997D,childrens cutlery polkadot pink
1481,84997B,childrens cutlery retrospot red
1482,84997C,childrens cutlery polkadot blue
1483,22555,plasters in tin strongman
1484,21914,blue harmonica in box
1485,22549,picture dominoes
1486,21918,set 12 kids colour chalk sticks
1487,22992,revolver wooden ruler
1488,22991,giraffe wooden ruler
1489,23229,vintage donkey tail game
1490,22622,box of vintage alphabet blocks
1491,21506,fancy font birthday card
1492,21507,elephant birthday card
1493,23037,candle holder silver madeline
1494,23550,wrap alphabet poster
1495,22711,wrap circus parade
1496,21497,fancy fonts birthday wrap
1497,22704,wrap red apples
1498,22585,pack of 6 birdy gift tags
1499,23205,charlotte bag vintage alphabet
1500,23515,embroidered ribbon reel daisy
1501,22081,ribbon reel flora + fauna
1502,22080,ribbon reel polkadots
1503,23298,spotty bunting
1504,22993,set of 4 pantry jelly moulds
1505,22907,pack of 20 napkins pantry design
1506,22908,pack of 20 napkins red apples
1507,23215,jingle bell heart antique silver
1508,22736,ribbon reel making snowmen
1509,23201,jumbo bag alphabet
1510,22411,jumbo shopper vintage red paisley
1511,21931,jumbo storage bag suki
1512,23353,6 gift tags vintage christmas
1513,23350,roll wrap vintage spot
1514,23319,box of 6 mini 50's crackers
1515,23318,box of 6 mini vintage crackers
1516,22910,paper chain kit vintage christmas
1517,22086,paper chain kit 50's christmas
1518,21121,set/10 red polkadot party candles
1519,23489,vintage bells garland
1520,23570,traditional pick up sticks game
1521,22993,set of 4 pantry jelly moulds
1522,23480,mini lights woodland mushrooms
1523,23084,rabbit night light
1524,22197,popcorn holder
1525,23293,set of 12 fairy cake baking cases
1526,23313,vintage christmas bunting
1527,84347,rotating silver angels t-light hldr
1528,22083,paper chain kit retrospot
1529,23376,pack of 12 vintage christmas tissue
1530,22941,christmas lights 10 reindeer
1531,22386,jumbo bag pink polkadot
1532,21929,jumbo bag pink vintage paisley
1533,85099C,jumbo bag baroque black white
1534,20713,jumbo bag owls
1535,23199,jumbo bag apples
1536,23201,jumbo bag alphabet
1537,23343,jumbo bag vintage christmas
1538,23344,jumbo bag 50's christmas
1539,23581,jumbo bag paisley park
1540,23334,ivory wicker heart small
1541,21790,vintage snap cards
1542,84993A,75 green petit four cases
1543,22906,12 message cards with envelopes
1544,21803,christmas tree star decoration
1545,21809,christmas hanging tree with bell
1546,20974,12 pencils small tube skull
1547,23338,egg frying pan red
1548,85049A,traditional christmas ribbons
1549,23126,feltcraft girl amelie kit
1550,22695,wicker wreath small
1551,22144,christmas craft little friends
1552,22908,pack of 20 napkins red apples
1553,22894,tablecloth red apples design
1554,22704,wrap red apples
1555,22721,set of 3 cake tins sketchbook
1556,22816,card motorbike santa
1557,85049E,scandinavian reds ribbons
1558,22075,6 ribbons elegant christmas
1559,21351,cinammon & orange wreath
1560,22698,pink regency teacup and saucer
1561,22567,20 dolly pegs retrospot
1562,79321,chilli lights
1563,37500,tea time teapot in gift box
1564,23562,set of 6 ribbons perfectly pretty
1565,23561,set of 6 ribbons party
1566,23681,lunch bag red vintage doily
1567,23552,bicycle puncture repair kit
1568,23498,classic bicycle clips
1569,85038,6 chocolate love heart t-lights
1570,20725,lunch bag red retrospot
1571,20832,red flock love heart photo frame
1572,85038,6 chocolate love heart t-lights
1573,22481,black tea towel classic design
1574,22915,assorted bottle top magnets
1575,22178,victorian glass hanging t-light
1576,22460,embossed glass tealight holder
1577,84832,zinc willie winkie candle stick
1578,23084,rabbit night light
1579,84879,assorted colour bird ornament
1580,84945,multi colour silver t-light holder
1581,22113,grey heart hot water bottle
1582,23356,love hot water bottle
1583,22726,alarm clock bakelike green
1584,22727,alarm clock bakelike red
1585,16016,large chinese style scissor
1586,21916,set 12 retro white chalk sticks
1587,84692,box of 24 cocktail parasols
1588,84946,antique silver t-light glass
1589,21684,small medina stamped metal bowl
1590,22398,magnets pack of 4 swallows
1591,23328,set 6 school milk bottles in crate
1592,23145,zinc t-light holder star large
1593,22466,fairy tale cottage night light
1594,22061,large cake stand hanging strawbery
1595,23275,set of 3 hanging owls ollie beak
1596,21217,red retrospot round cake tins
1597,20685,doormat red retrospot
1598,22631,circus parade lunch box
1599,22556,plasters in tin circus parade
1600,22555,plasters in tin strongman
1601,22728,alarm clock bakelike pink
1602,22727,alarm clock bakelike red
1603,22726,alarm clock bakelike green
1604,22730,alarm clock bakelike ivory
1605,22367,childrens apron spaceboy design
1606,22629,spaceboy lunch box
1607,23256,childrens cutlery spaceboy
1608,22613,pack of 20 spaceboy napkins
1609,22899,children's apron dolly girl
1610,23254,childrens cutlery dolly girl
1611,23255,childrens cutlery circus parade
1612,22138,baking set 9 piece retrospot
1613,72760B,vintage cream 3 basket cake stand
1614,23463,vintage zinc watering can
1615,22768,family photo frame cornice
1616,23843,paper craft little birdie
1617,22178,victorian glass hanging t-light
1618,23144,zinc t-light holder stars small
1619,21258,victorian sewing box large
1620,84978,hanging heart jar t-light holder
1621,20979,36 pencils tube red retrospot
1622,23494,vintage doily deluxe sewing kit
1623,22969,homemade jam scented candles
1624,22910,paper chain kit vintage christmas
1625,22734,set of 6 ribbons vintage christmas
1626,22621,traditional knitting nancy
1627,22144,christmas craft little friends
1628,22086,paper chain kit 50's christmas
1629,21914,blue harmonica in box
1630,21791,vintage heads and tails card game
1631,21790,vintage snap cards
1632,20983,12 pencils tall tube red retrospot
1633,22421,lipstick pen fuschia
1634,22727,alarm clock bakelike red
1635,22809,set of 6 t-lights santa
1636,23382,box of 6 christmas cake decorations
1637,21181,please one person metal sign
1638,22695,wicker wreath small
1639,23370,set 36 colouring pencils doily
1640,48187,doormat new england
1641,48194,doormat hearts
1642,48185,doormat fairy cake
1643,23283,doormat vintage leaf
1644,48129,doormat topiary
1645,23284,doormat keep calm and come in
1646,22690,doormat home sweet home blue
1647,20685,doormat red retrospot
1648,21930,jumbo storage bag skulls
1649,22411,jumbo shopper vintage red paisley
1650,22059,ceramic strawberry design mug
1651,22057,ceramic plate strawberry design
1652,22599,christmas musical zinc star
1653,22597,musical zinc heart decoration
1654,22055,mini cake stand hanging strawbery
1655,22061,large cake stand hanging strawbery
1656,23202,jumbo bag vintage leaf
1657,23581,jumbo bag paisley park
1658,20713,jumbo bag owls
1659,22385,jumbo bag spaceboy design
1660,85099C,jumbo bag baroque black white
1661,23582,vintage doily jumbo bag red
1662,23344,jumbo bag 50's christmas
1663,85099B,jumbo bag red retrospot
1664,15036,assorted colours silk fan
1665,16219,house shape pencil sharpener
1666,16235,recycled pencil with rabbit eraser
1667,16236,kitty pencil erasers
1668,16237,sleeping cat erasers
1669,16238,party time pencil erasers
1670,17012D,origami rose incense/candle set
1671,17012F,origami sandlewood incense/cand set
1672,17084N,fairy dreams incense
1673,17084P,dragons blood incense
1674,18097C,white tall porcelain t-light holder
1675,20668,disco ball christmas decoration
1676,20682,red retrospot childrens umbrella
1677,20717,strawberry shopper bag
1678,20719,woodland charlotte bag
1679,20723,strawberry charlotte bag
1680,20733,gold mini tape measure
1681,20764,abstract circles sketchbook
1682,20836,french paisley cushion cover
1683,20866,blue rose fabric mirror
1684,20914,set/5 red retrospot lid glass bowls
1685,20963,apple bath sponge
1686,20971,pink blue felt craft trinket box
1687,20972,pink cream felt craft trinket box
1688,20973,12 pencil small tube woodland
1689,20978,36 pencils tube skulls
1690,20979,36 pencils tube red retrospot
1691,20983,12 pencils tall tube red retrospot
1692,20985,heart calculator
1693,21001,rose du sud washbag
1694,21012,antique all glass candlestick
1695,21015,dark bird house tree decoration
1696,21026,space owl
1697,21064,boom box speaker boys
1698,21065,boom box speaker girls
1699,21080,set/20 red retrospot paper napkins
1700,21094,set/6 red spotty paper plates
1701,21096,set/6 fruit salad paper plates
1702,21098,christmas toilet roll
1703,21108,fairy cake flannel assorted colour
1704,21123,set/10 ivory polkadot party candles
1705,21126,set of 6 girls celebration candles
1706,21137,black record cover frame
1707,21154,red retrospot oven glove
1708,21156,retrospot childrens apron
1709,21162,toxic area door hanger
1710,21166,cook with wine metal sign
1711,21058,party invites woodland
1712,21167,white sage incense
1713,21174,pottering in the shed metal sign
1714,21175,gin and tonic diet metal sign
1715,21189,white honeycomb paper garland
1716,21201,tropical honeycomb paper garland
1717,21212,pack of 72 retrospot cake cases
1718,21213,pack of 72 skull cake cases
1719,21215,ivory paper cup cake cases
1720,21217,red retrospot round cake tins
1721,21219,set/4 badges balloon girl
1722,21221,set/4 badges cute creatures
1723,21222,set/4 badges beetles
1724,21224,set/4 skull badges
1725,21231,sweetheart ceramic trinket box
1726,21232,strawberry ceramic trinket pot
1727,21249,woodland height chart stickers
1728,21284,retrospot candle small
1729,21288,stripey chocolate nesting boxes
1730,21314,small glass heart trinket pot
1731,21327,skulls writing set
1732,21328,balloons writing set
1733,21329,dinosaurs writing set
1734,21356,toast its - fairy flower
1735,21358,toast its - happy birthday
1736,21383,pack of 12 sticky bunnies
1737,21390,filigris heart with butterfly
1738,21429,red gingham rose jewellery box
1739,21454,painted pink rabbit
1740,21470,flower vine raffia food cover
1741,21471,strawberry raffia food cover
1742,21484,chick grey hot water bottle
1743,21494,rotating leaves t-light holder
1744,21506,fancy font birthday card
1745,21519,gin & tonic diet greeting card
1746,21544,skulls water transfer tattoos
1747,21558,skull lunch box with cutlery
1748,21559,strawberry lunch box with cutlery
1749,21580,rabbit design cotton tote bag
1750,21615,4 lavender botanical dinner candles
1751,21616,4 pear botanical dinner candles
1752,21619,4 vanilla botanical candles
1753,21620,set of 4 rose botanical candles
1754,21650,assorted tutti frutti bracelet
1755,21675,butterflies stickers
1756,21677,hearts stickers
1757,21680,woodland stickers
1758,21703,bag 125g swirly marbles
1759,21722,sweet pudding sticker sheet
1760,21724,panda and bunnies sticker sheet
1761,21731,red toadstool led night light
1762,21739,cosy slipper shoes small green
1763,21755,love building block word
1764,21773,decorative rose bathroom bottle
1765,21774,decorative cats bathroom bottle
1766,21775,decorative flore bathroom bottle
1767,21786,polkadot rain hat
1768,21787,rain poncho retrospot
1769,21790,vintage snap cards
1770,21810,christmas hanging star with bell
1771,21813,garland with stars and bells
1772,21822,glitter christmas tree with bells
1773,21832,chocolate calculator
1774,21843,red retrospot cake stand
1775,21846,pink diamante pen in gift box
1776,21873,if you can't stand the heat mug
1777,21889,wooden box of dominoes
1778,21891,traditional wooden skipping rope
1779,21892,traditional wooden catch cup game
1780,21899,garage key fob
1781,21900,key fob shed
1782,21901,key fob back door
1783,21902,key fob front door
1784,21914,blue harmonica in box
1785,21918,set 12 kids colour chalk sticks
1786,21930,jumbo storage bag skulls
1787,21931,jumbo storage bag suki
1788,21932,scandinavian paisley picnic bag
1789,21933,pink vintage paisley picnic bag
1790,21934,skull shoulder bag
1791,21935,suki shoulder bag
1792,21942,skulls design flannel
1793,21943,cakes and rabbits design flannel
1794,21945,strawberries design flannel
1795,21946,party time design flannel
1796,21967,pack of 12 skull tissues
1797,21975,pack of 60 dinosaur cake cases
1798,21977,pack of 60 pink paisley cake cases
1799,21981,pack of 12 woodland tissues
1800,21982,pack of 12 suki tissues
1801,21983,pack of 12 blue paisley tissues
1802,21984,pack of 12 pink paisley tissues
1803,21985,pack of 12 hearts design tissues
1804,21990,modern floral stationery set
1805,21991,bohemian collage stationery set
1806,21993,floral folk stationery set
1807,22023,empire birthday card
1808,22024,rainy ladies birthday card
1809,22029,spaceboy birthday card
1810,22064,pink doughnut trinket pot
1811,22065,christmas pudding trinket pot
1812,22069,brown pirate treasure chest
1813,22074,6 ribbons shimmering pinks
1814,22075,6 ribbons elegant christmas
1815,22076,6 ribbons empire
1816,22077,6 ribbons rustic charm
1817,22086,paper chain kit 50's christmas
1818,22090,paper bunting retrospot
1819,22104,mirror mosaic candle plate
1820,22105,mirror mosaic goblet candle holder
1821,22106,mirror mosaic hurricane lamp
1822,22107,pizza plate in box
1823,22109,full english breakfast plate
1824,22110,bird house hot water bottle
1825,22113,grey heart hot water bottle
1826,22114,hot water bottle tea and sympathy
1827,22124,set of 2 tea towels ping microwave
1828,22129,party cones candy decoration
1829,22134,mini ladle love heart red
1830,22139,retrospot tea set ceramic 11 pc
1831,22150,3 stripey mice feltcraft
1832,22156,heart decoration with pearls
1833,22163,heart string memo holder hanging
1834,22167,oval wall mirror diamante
1835,22169,family album white picture frame
1836,22171,3 hook photo shelf antique white
1837,22174,photo cube
1838,22178,victorian glass hanging t-light
1839,22186,red star card holder
1840,22187,green christmas tree card holder
1841,22188,black heart card holder
1842,22190,local cafe mug
1843,22197,popcorn holder
1844,22208,wood stamp set thank you
1845,22210,wood stamp set best wishes
1846,22211,wood stamp set flowers
1847,22212,four hook white lovebirds
1848,22219,lovebird hanging decoration white
1849,22227,hanging heart mirror decoration
1850,22249,decoration white chick magic garden
1851,22261,felt egg cosy white rabbit
1852,22263,felt egg cosy ladybird
1853,22274,feltcraft doll emily
1854,22277,cosmetic bag vintage rose paisley
1855,22294,heart filigree dove small
1856,22296,heart ivory trellis large
1857,22297,heart ivory trellis small
1858,22312,office mug warmer polkadot
1859,22315,200 red + white bendy straws
1860,22324,blue polkadot kids bag
1861,22327,round snack boxes set of 4 skulls
1862,22329,round container set of 5 retrospot
1863,22331,woodland party bag + sticker set
1864,22335,heart decoration painted zinc
1865,22338,star decoration painted zinc
1866,22340,noel garland painted zinc
1867,22341,love garland painted zinc
1868,22348,tea bag plate red retrospot
1869,22355,charlotte bag suki design
1870,22358,kings choice tea caddy
1871,22360,glass jar english confectionery
1872,22363,glass jar marmalade
1873,22364,glass jar digestive biscuits
1874,22375,airline bag vintage jet set brown
1875,22406,money box kings choice design
1876,22411,jumbo shopper vintage red paisley
1877,22417,pack of 60 spaceboy cake cases
1878,22418,10 colour spaceboy pen
1879,22419,lipstick pen red
1880,22420,lipstick pen baby pink
1881,22421,lipstick pen fuschia
1882,22422,toothpaste tube pen
1883,22423,regency cakestand 3 tier
1884,22424,enamel bread bin cream
1885,22433,watering can green dinosaur
1886,22441,grow your own basil in enamel mug
1887,22446,pin cushion babushka pink
1888,22457,natural slate heart chalkboard
1889,22464,hanging metal heart lantern
1890,22466,fairy tale cottage night light
1891,22477,watering can garden marker
1892,22486,plasmatronic lamp
1893,22489,pack of 12 traditional crayons
1894,22494,emergency first aid tin
1895,22495,set of 2 round tins camembert
1896,22505,memo board cottage design
1897,22508,doorstop retrospot heart
1898,22513,doorstop football design
1899,22514,childs garden spade blue
1900,22516,childs garden rake blue
1901,22549,picture dominoes
1902,22550,holiday fun ludo
1903,22553,plasters in tin skulls
1904,22554,plasters in tin woodland animals
1905,22555,plasters in tin strongman
1906,22556,plasters in tin circus parade
1907,22557,plasters in tin vintage paisley
1908,22563,happy stencil craft
1909,22565,feltcraft hairbands pink and white
1910,22566,feltcraft hairband pink and purple
1911,22574,heart wooden christmas decoration
1912,22576,swallow wooden christmas decoration
1913,22577,wooden heart christmas scandinavian
1914,22578,wooden star christmas scandinavian
1915,22580,advent calendar gingham sack
1916,22581,wood stocking christmas scandispot
1917,22585,pack of 6 birdy gift tags
1918,22587,feltcraft hairband red and blue
1919,22588,card holder gingham heart
1920,22591,cardholder gingham christmas tree
1921,22592,cardholder holly wreath metal
1922,22593,christmas gingham star
1923,22594,christmas gingham tree
1924,22596,christmas star wish list chalkboard
1925,22597,musical zinc heart decoration
1926,22598,christmas musical zinc tree
1927,22599,christmas musical zinc star
1928,22600,christmas retrospot star wood
1929,22604,set of 4 napkin charms cutlery
1930,22605,wooden croquet garden set
1931,22608,pens assorted funky jeweled
1932,22614,pack of 12 spaceboy tissues
1933,22619,set of 6 soldier skittles
1934,22620,4 traditional spinning tops
1935,22621,traditional knitting nancy
1936,22622,box of vintage alphabet blocks
1937,22624,ivory kitchen scales
1938,22625,red kitchen scales
1939,22629,spaceboy lunch box
1940,22631,circus parade lunch box
1941,22639,set of 4 napkin charms hearts
1942,22640,set of 4 napkin charms 3 keys
1943,22642,set of 4 napkin charms stars
1944,22643,set of 4 napkin charms leaves
1945,22644,ceramic cherry cake money bank
1946,22645,ceramic heart fairy cake money bank
1947,22646,ceramic strawberry cake money bank
1948,22647,ceramic love heart money bank
1949,22650,ceramic pirate chest money bank
1950,22651,gentleman shirt repair kit
1951,22653,button box
1952,22659,lunch box i love london
1953,22666,recipe box pantry yellow design
1954,22675,french kitchen sign blue metal
1955,22676,french blue metal door sign 1
1956,22679,french blue metal door sign 4
1957,22687,doormat christmas village
1958,22693,grow a flytrap or sunflower in tin
1959,22694,wicker star
1960,22695,wicker wreath small
1961,22697,green regency teacup and saucer
1962,22698,pink regency teacup and saucer
1963,22699,roses regency teacup and saucer
1964,22701,pink dog bowl
1965,22703,pink cat bowl
1966,22713,card i love london
1967,22714,card birthday cowboy
1968,22716,card circus parade
1969,22717,card dog and ball
1970,22720,set of 3 cake tins pantry design
1971,22722,set of 6 spice tins pantry design
1972,22725,alarm clock bakelike chocolate
1973,22726,alarm clock bakelike green
1974,22728,alarm clock bakelike pink
1975,22734,set of 6 ribbons vintage christmas
1976,22735,ribbon reel socks and mittens
1977,22736,ribbon reel making snowmen
1978,22739,ribbon reel christmas sock bauble
1979,22741,funky diva pen
1980,22743,make your own flowerpower card kit
1981,22749,feltcraft princess charlotte doll
1982,22750,feltcraft princess lola doll
1983,22751,feltcraft princess olivia doll
1984,22753,small yellow babushka notebook
1985,22754,small red babushka notebook
1986,22755,small purple babushka notebook
1987,22756,large yellow babushka notebook
1988,22758,large purple babushka notebook
1989,22763,key cabinet ma campagne
1990,22771,clear drawer knob acrylic edwardian
1991,22791,t-light glass fluted antique
1992,22792,fluted antique candle holder
1993,22795,sweetheart recipe book stand
1994,22798,antique glass dressing table pot
1995,22805,blue drawer knob acrylic edwardian
1996,22809,set of 6 t-lights santa
1997,22814,card party games
1998,22815,card psychedelic apples
