ProductNo,ProductName
22485,Set Of 2 Wooden Market Crates
22596,Christmas Star Wish List Chalkboard
23235,Storage Tin Vintage Leaf
23272,Tree T-Light Holder Willie Winkie
23239,Set Of 4 Knick Knack Tins Poppies
21705,Bag 500g Swirly Marbles
22118,Joy Wooden Block Letters
22119,Peace Wooden Block Letters
22217,T-Light Holder Hanging Lace
22216,T-Light Holder White Lace
22380,Toy Tidy Spaceboy
22442,Grow Your Own Flowers Set Of 3
22664,Toy Tidy Dolly Girl Design
22721,Set Of 3 Cake Tins Sketchbook
22723,Set Of 6 Herb Tins Sketchbook
22785,Squarecushion Cover Pink Union Jack
22955,36 Foil Star Cake Cases
23141,Triple Wire Hook Pink Heart
22956,36 Foil Heart Cake Cases
22581,Wood Stocking Christmas Scandispot
23198,Pantry Magnetic Shopping List
23197,Sketchbook Magnetic Shopping List
23184,Bull Dog Bottle Opener
23168,Classic Cafe Sugar Dispenser
23167,Small Ceramic Top Storage Jar
23166,Medium Ceramic Top Storage Jar
23165,Large Ceramic Top Storage Jar
23004,Travel Card Wallet Pantry
23002,Travel Card Wallet Skulls
23000,Travel Card Wallet Transport
22998,Travel Card Wallet Keep Calm
22994,Travel Card Wallet Retrospot
22835,Hot Water Bottle I Am So Poorly
22730,Alarm Clock Bakelike Ivory
22728,Alarm Clock Bakelike Pink
22727,Alarm Clock Bakelike Red
22726,Alarm Clock Bakelike Green
22720,Set Of 3 Cake Tins Pantry Design
22693,Grow A Flytrap Or Sunflower In Tin
22670,French Wc Sign Blue Metal
22667,Recipe Box Retrospot
22666,Recipe Box Pantry Yellow Design
22631,Circus Parade Lunch Box
22628,Picnic Boxes Set Of 3 Retrospot
22467,Gumball Coat Rack
22197,Popcorn Holder
22114,Hot Water Bottle Tea And Sympathy
22112,Chocolate Hot Water Bottle
21908,Chocolate This Way Metal Sign
21874,Gin And Tonic Mug
21872,Glamorous Mug
21871,Save The Planet Mug
21533,Retrospot Large Milk Jug
21481,Fawn Blue Hot Water Bottle
21479,White Skull Hot Water Bottle
21248,Door Hanger Mum + Dads Room
21216,Set 3 Retrospot Tea/Coffee/Sugar
21181,Please One Person Metal Sign
21175,Gin And Tonic Diet Metal Sign
21169,You're Confusing Me Metal Sign
21162,Toxic Area Door Hanger
21159,Moody Boy Door Hanger
21158,Moody Girl Door Hanger
21154,Red Retrospot Oven Glove
16016,Large Chinese Style Scissor
16014,Small Chinese Style Scissor
16008,Small Folding Scissor(Pointed Edge)
85152,Hand Over The Chocolate Sign
84596F,Small Marshmallows Pink Bowl
84596B,Small Dolly Mix Design Orange Bowl
84510A,Set Of 4 English Rose Coasters
82600,N0 Singing Metal Sign
82581,Toilet Metal Sign
72232,Feng Shui Pillar Candle
47559B,Tea Time Oven Glove
47504H,English Rose Spirit Level
23493,Vintage Doily Travel Sewing Kit
23430,Blue Retro Kitchen Wall Clock
23429,Red Retro Kitchen Wall Clock
23428,Ivory Retro Kitchen Wall Clock
23358,Hot Stuff Hot Water Bottle
23293,Set Of 12 Fairy Cake Baking Cases
23243,Set Of Tea Coffee Sugar Tins Pantry
23240,Set Of 4 Knick Knack Tins Doily
48111,Doormat 3 Smiley Cats
22464,Hanging Metal Heart Lantern
20982,12 Pencils Tall Tube Skulls
20981,12 Pencils Tall Tube Woodland
23424,Gingham Recipe Book Box
23338,Egg Frying Pan Red
84970L,Single Heart Zinc T-Light Holder
22457,Natural Slate Heart Chalkboard
22469,Heart Of Wicker Small
22909,Set Of 20 Vintage Christmas Napkins
84947,Antique Silver Tea Glass Engraved
23503,Playing Cards Keep Calm & Carry On
23445,Ice Cream Bubbles
23530,Wall Art Only One Person
84997C,Childrens Cutlery Polkadot Blue
84997D,Childrens Cutlery Polkadot Pink
84077,World War 2 Gliders Asstd Designs
22749,Feltcraft Princess Charlotte Doll
23127,Feltcraft Girl Nicole Kit
23126,Feltcraft Girl Amelie Kit
22747,Poppy's Playhouse Bathroom
22078,Ribbon Reel Lace Design
84946,Antique Silver T-Light Glass
22791,T-Light Glass Fluted Antique
21326,Aged Glass Silver T-Light Holder
22170,Picture Frame Wood Triple Portrait
23082,Set 6 Paper Table Lantern Hearts
22909,Set Of 20 Vintage Christmas Napkins
22087,Paper Bunting White Lace
23464,Vintage Zinc Watering Can Small
22411,Jumbo Shopper Vintage Red Paisley
84029E,Red Woolly Hottie White Heart
22633,Hand Warmer Union Jack
23355,Hot Water Bottle Keep Calm
84029G,Knitted Union Flag Hot Water Bottle
22112,Chocolate Hot Water Bottle
84347,Rotating Silver Angels T-Light Hldr
21115,Rose Caravan Doorstop
22059,Ceramic Strawberry Design Mug
22072,Red Retrospot Tea Cup And Saucer
22123,Ping Microwave Apron
22476,Empire Union Jack Tv Dinner Tray
22495,Set Of 2 Round Tins Camembert
22496,Set Of 2 Round Tins Dutch Cheese
22513,Doorstop Football Design
22500,Set Of 2 Tins Jardin De Provence
22664,Toy Tidy Dolly Girl Design
22721,Set Of 3 Cake Tins Sketchbook
22785,Squarecushion Cover Pink Union Jack
23178,Jam Clock Magnet
23302,Kneeling Mat Housework Design
23533,Wall Art Garden Haven
84819,Danish Rose Round Sewing Box
22371,Airline Bag Vintage Tokyo 78
21875,Kings Choice Mug
23251,Vintage Red Enamel Trim Mug
23300,Gardeners Kneeling Pad Cup Of Tea
22138,Baking Set 9 Piece Retrospot
23843,Paper Craft Little Birdie
22617,Baking Set Spaceboy Design
20749,Assorted Colour Mini Cases
22910,Paper Chain Kit Vintage Christmas
22086,Paper Chain Kit 50'S Christmas
23351,Roll Wrap 50'S Christmas
23352,Roll Wrap 50'S Red Christmas
22727,Alarm Clock Bakelike Red
22730,Alarm Clock Bakelike Ivory
22491,Pack Of 12 Coloured Pencils
22561,Wooden School Colouring Set
22489,Pack Of 12 Traditional Crayons
22560,Traditional Modelling Clay
22139,Retrospot Tea Set Ceramic 11 Pc
23344,Jumbo Bag 50'S Christmas
23203,Jumbo Bag Vintage Doily
85099B,Jumbo Bag Red Retrospot
23201,Jumbo Bag Alphabet
23207,Lunch Bag Alphabet Design
21137,Black Record Cover Frame
23118,Parisienne Jewellery Drawer
23111,Parisienne Sewing Box
22179,Set 10 Night Owl Lights
22061,Large Cake Stand Hanging Strawbery
22182,Cake Stand Victorian Filigree Small
23571,Traditional Naughts & Crosses
23369,Set 36 Colour Pencils Love London
23370,Set 36 Colouring Pencils Doily
23371,Set 36 Colour Pencils Spaceboy
23372,Set 36 Colour Pencils Dolly Girl
23376,Pack Of 12 Vintage Christmas Tissue
23377,Pack Of 12 Dolly Girl Tissues
23378,Pack Of 12 50'S Christmas Tissues
23379,Pack Of 12 Red Apple Tissues
23380,Pack Of 12 Vintage Doily Tissues
23381,Pack Of 12 Vintage Leaf Tissues
23382,Box Of 6 Christmas Cake Decorations
23391,I Love London Mini Backpack
23392,Spaceboy Rocket Lolly Makers
23399,Home Sweet Home Hanging Heart
23405,Home Sweet Home 2 Drawer Cabinet
23418,Lavender Toilette Bottle
23426,Metal Sign Drop Your Pants
23434,3 Raffia Ribbons 50'S Christmas
23435,3 Raffia Ribbons Vintage Christmas
23439,Hand Warmer Red Love Heart
23451,Square Mini Portrait Frame
23467,Vintage Zinc Planter
23469,Card Holder Love Bird Small
23480,Mini Lights Woodland Mushrooms
23493,Vintage Doily Travel Sewing Kit
23494,Vintage Doily Deluxe Sewing Kit
23495,Set Of 3 Pantry Wooden Spoons
23497,Classic Chrome Bicycle Bell
23498,Classic Bicycle Clips
23501,Key Ring Baseball Boot Union Jack
23506,Mini Playing Cards Spaceboy
23508,Mini Playing Cards Dolly Girl
23510,Mini Playing Cards Gymkhana
23521,Wall Art Cat And Bird
23526,Wall Art Dog Licence
23530,Wall Art Only One Person
23534,Wall Art Stop For Tea
23535,Wall Art Bicycle Safety
23536,Wall Art Village Show
23538,Wall Art Vintage Heart
23551,Pack Of 12 Paisley Park Tissues
23552,Bicycle Puncture Repair Kit
23555,Landmark Frame Notting Hill
23559,Woodland Bunnies Lolly Makers
23561,Set Of 6 Ribbons Party
23564,Egg Cup Milkmaid Ingrid
23565,Egg Cup Milkmaid Helga
23567,Egg Cup Henrietta Hen Pink
23569,Tradtional Alphabet Stamp Set
23570,Traditional Pick Up Sticks Game
23571,Traditional Naughts & Crosses
23575,Snack Tray Paisley Park
23579,Snack Tray I Love London
23611,Set 10 Cards Red Riding Hood 17214
23616,Set 10 Cards Jingle Bells 17217
23621,Set 10 Cards David's Madonna 17074
23635,Set 10 Cards Christmas Holly 17259
23644,Set 10 Cards Christmas Tree 16955
23660,Henrietta Hen Mug
23661,Milk Maids Mug
35095A,Blue Victorian Fabric Oval Box
35095B,Red Victorian Fabric Oval Box
35646,Vintage Bead Pink Evening Bag
35648,Vintage Bead Pink Purse
35953,Folkart Star Christmas Decorations
35964,Folkart Clip On Stars
35970,Zinc Folkart Sleigh Bells
46118,Funky Monkey Cushion Cover
46776A,Woven Bubble Gum Cushion Cover
46776B,Woven Berries Cushion Cover
46776C,Woven Frost Cushion Cover
46776D,Woven Sunset Cushion Cover
46776E,Woven Candy Cushion Cover
46776F,Woven Rose Garden Cushion Cover
47310M,Small Pop Box Funky Monkey
47480,Hanging Photo Clip Rope Ladder
47504H,English Rose Spirit Level
47559B,Tea Time Oven Glove
47563A,Retro Longboard Ironing Board Cover
47566,Party Bunting
47590B,Pink Happy Birthday Bunting
51014A,Feather Pen Hot Pink
51014L,Feather Pen Light Pink
71270,Photo Clip Line
72349B,Set/6 Purple Butterfly T-Lights
72741,Grand Chocolatecandle
72800E,4 Ivory Dinner Candles Silver Flock
79321,Chilli Lights
82484,Wood Black Board Ant White Finish
82567,Airline Lounge Metal Sign
82582,Area Patrolled Metal Sign
82600,N0 Singing Metal Sign
84031A,Charlie+Lola Red Hot Water Bottle
84077,World War 2 Gliders Asstd Designs
84249A,Greeting Card Square Doughnuts
84347,Rotating Silver Angels T-Light Hldr
84375,Set Of 20 Kids Cookie Cutters
84378,Set Of 3 Heart Cookie Cutters
84519B,Carrot Charlie+Lola Coaster Set
84559A,3d Sheet Of Dog Stickers
84568,Girls Alphabet Iron On Patches
84569D,Pack 6 Heart/Ice-Cream Patches
84596B,Small Dolly Mix Design Orange Bowl
84596F,Small Marshmallows Pink Bowl
84598,Boys Alphabet Iron On Patches
84692,Box Of 24 Cocktail Parasols
84755,Colour Glass T-Light Holder Hanging
84828,Jungle Popsicles Ice Lolly Moulds
84879,Assorted Colour Bird Ornament
84923,Pink Butterfly Handbag W Bobbles
84946,Antique Silver T-Light Glass
84970S,Hanging Heart Zinc T-Light Holder
84978,Hanging Heart Jar T-Light Holder
84991,60 Teatime Fairy Cake Cases
84997A,Childrens Cutlery Polkadot Green
84997B,Childrens Cutlery Retrospot Red
20733,Gold Mini Tape Measure
20777,Chrysanthemum Notebook
20782,Camouflage Ear Muff Headphones
20914,Set/5 Red Retrospot Lid Glass Bowls
20931,Blue Pot Plant Candle
20970,Pink Floral Feltcraft Shoulder Bag
20971,Pink Blue Felt Craft Trinket Box
20972,Pink Cream Felt Craft Trinket Box
20973,12 Pencil Small Tube Woodland
20978,36 Pencils Tube Skulls
20979,36 Pencils Tube Red Retrospot
20982,12 Pencils Tall Tube Skulls
20983,12 Pencils Tall Tube Red Retrospot
20985,Heart Calculator
20986,Blue Calculator Ruler
21000,Rose Du Sud Cosmetics Bag
21012,Antique All Glass Candlestick
21015,Dark Bird House Tree Decoration
21026,Space Owl
21035,Set/2 Red Retrospot Tea Towels
21064,Boom Box Speaker Boys
21065,Boom Box Speaker Girls
21098,Christmas Toilet Roll
21123,Set/10 Ivory Polkadot Party Candles
21125,Set 6 Football Celebration Candles
21126,Set Of 6 Girls Celebration Candles
21137,Black Record Cover Frame
21154,Red Retrospot Oven Glove
21158,Moody Girl Door Hanger
21162,Toxic Area Door Hanger
21166,Cook With Wine Metal Sign
21172,Party Metal Sign
21174,Pottering In The Shed Metal Sign
21175,Gin And Tonic Diet Metal Sign
21200,Multicolour Honeycomb Paper Garland
21201,Tropical Honeycomb Paper Garland
21212,Pack Of 72 Retrospot Cake Cases
21213,Pack Of 72 Skull Cake Cases
21220,Set/4 Badges Dogs
21224,Set/4 Skull Badges
21232,Strawberry Ceramic Trinket Pot
21257,Victorian Sewing Box Medium
21258,Victorian Sewing Box Large
21259,Victorian Sewing Box Small
21313,Glass Heart T-Light Holder
21314,Small Glass Heart Trinket Pot
21328,Balloons Writing Set
21329,Dinosaurs Writing Set
21356,Toast Its - Fairy Flower
21378,Small Tall Camphor Wood Toadstool
21379,Camphor Wood Portobello Mushroom
21383,Pack Of 12 Sticky Bunnies
21402,Red Egg Spoon
21408,Spotty Pink Duck Doorstop
21411,Gingham Heart Doorstop Red
21467,Cherry Crochet Food Cover
21471,Strawberry Raffia Food Cover
21479,White Skull Hot Water Bottle
21481,Fawn Blue Hot Water Bottle
21484,Chick Grey Hot Water Bottle
21485,Retrospot Heart Hot Water Bottle
21494,Rotating Leaves T-Light Holder
21506,Fancy Font Birthday Card
21507,Elephant Birthday Card
21508,Vintage Kid Dolly Card
21509,Cowboys And Indians Birthday Card
21528,Dairy Maid Traditional Teapot
21544,Skulls Water Transfer Tattoos
21558,Skull Lunch Box With Cutlery
21559,Strawberry Lunch Box With Cutlery
21615,4 Lavender Botanical Dinner Candles
21616,4 Pear Botanical Dinner Candles
21620,Set Of 4 Rose Botanical Candles
21642,Assorted Tutti Frutti Pen
21648,Assorted Tutti Frutti Small Purse
21650,Assorted Tutti Frutti Bracelet
21675,Butterflies Stickers
21677,Hearts Stickers
21678,Paisley Pattern Stickers
21680,Woodland Stickers
21703,Bag 125g Swirly Marbles
21704,Bag 250g Swirly Marbles
21716,Boys Vintage Tin Seaside Bucket
21718,Red Metal Beach Spade
21724,Panda And Bunnies Sticker Sheet
21731,Red Toadstool Led Night Light
21739,Cosy Slipper Shoes Small Green
21774,Decorative Cats Bathroom Bottle
21786,Polkadot Rain Hat
21787,Rain Poncho Retrospot
21790,Vintage Snap Cards
21791,Vintage Heads And Tails Card Game
21808,Christmas Garland Stars Trees
21810,Christmas Hanging Star With Bell
21812,Garland With Hearts And Bells
21813,Garland With Stars And Bells
21822,Glitter Christmas Tree With Bells
21828,Eight Piece Snake Set
21832,Chocolate Calculator
21833,Camouflage Led Torch
21871,Save The Planet Mug
21874,Gin And Tonic Mug
21876,Pottering Mug
21879,Hearts Gift Tape
21889,Wooden Box Of Dominoes
21890,S/6 Wooden Skittles In Cotton Bag
21892,Traditional Wooden Catch Cup Game
21900,Key Fob Shed
21901,Key Fob Back Door
21902,Key Fob Front Door
21905,More Butter Metal Sign
21906,Pharmacie First Aid Tin
21914,Blue Harmonica In Box
21916,Set 12 Retro White Chalk Sticks
21930,Jumbo Storage Bag Skulls
21931,Jumbo Storage Bag Suki
21932,Scandinavian Paisley Picnic Bag
21934,Skull Shoulder Bag
21935,Suki Shoulder Bag
21936,Red Retrospot Picnic Bag
21942,Skulls Design Flannel
21945,Strawberries Design Flannel
21947,Set Of 6 Heart Chopsticks
21949,Set Of 6 Strawberry Chopsticks
21967,Pack Of 12 Skull Tissues
21976,Pack Of 60 Mushroom Cake Cases
21977,Pack Of 60 Pink Paisley Cake Cases
21980,Pack Of 12 Red Retrospot Tissues
21981,Pack Of 12 Woodland Tissues
21982,Pack Of 12 Suki Tissues
21983,Pack Of 12 Blue Paisley Tissues
21984,Pack Of 12 Pink Paisley Tissues
21986,Pack Of 12 Pink Polkadot Tissues
21989,Pack Of 20 Skull Paper Napkins
21990,Modern Floral Stationery Set
21993,Floral Folk Stationery Set
22024,Rainy Ladies Birthday Card
22025,Ring Of Roses Birthday Card
22026,Banquet Birthday Card
22027,Tea Party Birthday Card
22028,Penny Farthing Birthday Card
22029,Spaceboy Birthday Card
22031,Botanical Lavender Birthday Card
22037,Robot Birthday Card
22064,Pink Doughnut Trinket Pot
22065,Christmas Pudding Trinket Pot
22068,Black Pirate Treasure Chest
22070,Small Red Retrospot Mug In Box
22071,Small White Retrospot Mug In Box
22074,6 Ribbons Shimmering Pinks
22075,6 Ribbons Elegant Christmas
22076,6 Ribbons Empire
22083,Paper Chain Kit Retrospot
22085,Paper Chain Kit Skulls
22086,Paper Chain Kit 50'S Christmas
22091,Empire Tissue Box
22099,Caravan Square Tissue Box
22104,Mirror Mosaic Candle Plate
22106,Mirror Mosaic Hurricane Lamp
22107,Pizza Plate In Box
22108,Ping! Microwave Plate
22109,Full English Breakfast Plate
22110,Bird House Hot Water Bottle
22111,Scottie Dog Hot Water Bottle
22112,Chocolate Hot Water Bottle
22114,Hot Water Bottle Tea And Sympathy
22116,Metal Sign His Dinner Is Served
22121,Noel Wooden Block Letters
22123,Ping Microwave Apron
22124,Set Of 2 Tea Towels Ping Microwave
22129,Party Cones Candy Decoration
22134,Mini Ladle Love Heart Red
15036,Assorted Colours Silk Fan
15039,Sandalwood Fan
15058C,Ice Cream Design Garden Parasol
16218,Cartoon Pencil Sharpeners
16225,Rattle Snake Eggs
16235,Recycled Pencil With Rabbit Eraser
16237,Sleeping Cat Erasers
17038,Porcelain Budah Incense Holder
17084N,Fairy Dreams Incense
20659,Economy Luggage Tag
20665,Red Retrospot Purse
20668,Disco Ball Christmas Decoration
20718,Red Retrospot Shopper Bag
20719,Woodland Charlotte Bag
20723,Strawberry Charlotte Bag
20724,Red Retrospot Charlotte Bag
22135,Mini Ladle Love Heart Pink
22138,Baking Set 9 Piece Retrospot
22141,Christmas Craft Tree Top Angel
22150,3 Stripey Mice Feltcraft
22153,Angel Decoration Stars On Dress
22154,Angel Decoration 3 Buttons
22155,Star Decoration Rustic
22156,Heart Decoration With Pearls
22163,Heart String Memo Holder Hanging
22165,Diamante Heart Shaped Wall Mirror
22167,Oval Wall Mirror Diamante
22170,Picture Frame Wood Triple Portrait
22173,Metal 4 Hook Hanger French Chateau
22174,Photo Cube
22178,Victorian Glass Hanging T-Light
22186,Red Star Card Holder
22190,Local Cafe Mug
22193,Red Diner Wall Clock
22195,Large Heart Measuring Spoons
22196,Small Heart Measuring Spoons
22197,Popcorn Holder
22199,Frying Pan Red Retrospot
22209,Wood Stamp Set Happy Birthday
22212,Four Hook White Lovebirds
22219,Lovebird Hanging Decoration White
22224,White Lovebird Lantern
22227,Hanging Heart Mirror Decoration
22260,Felt Egg Cosy Blue Rabbit
22261,Felt Egg Cosy White Rabbit
22264,Felt Farm Animal White Bunny
22273,Feltcraft Doll Molly
22277,Cosmetic Bag Vintage Rose Paisley
22279,Pocket Bag Blue Paisley Red Spot
22280,Pocket Bag Pink Paisely Brown Spot
22300,Coffee Mug Dog + Ball Design
22301,Coffee Mug Cat + Bird Design
22307,Gold Mug Bone China Tree Of Life
22308,Tea Cosy Blue Stripe
22309,Tea Cosy Red Stripe
22324,Blue Polkadot Kids Bag
22326,Round Snack Boxes Set Of4 Woodland
22327,Round Snack Boxes Set Of 4 Skulls
22329,Round Container Set Of 5 Retrospot
22338,Star Decoration Painted Zinc
22340,Noel Garland Painted Zinc
22342,Home Garland Painted Zinc
22348,Tea Bag Plate Red Retrospot
22355,Charlotte Bag Suki Design
22356,Charlotte Bag Pink Polkadot
22357,Kings Choice Biscuit Tin
22358,Kings Choice Tea Caddy
22361,Glass Jar Daisy Fresh Cotton Wool
22362,Glass Jar Peacock Bath Salts
22367,Childrens Apron Spaceboy Design
22372,Airline Bag Vintage World Champion
22374,Airline Bag Vintage Jet Set Red
85014B,Red Retrospot Umbrella
85032C,Curious Images Gift Wrap Set
85038,6 Chocolate Love Heart T-Lights
85039A,Set/4 Red Mini Rose Candle In Bowl
85039B,S/4 Ivory Mini Rose Candle In Bowl
85040A,S/4 Pink Flower Candles In Bowl
85048,15cm Christmas Glass Ball 20 Lights
85049C,Romantic Pinks Ribbons
85049G,Chocolate Box Ribbons
85049H,Urban Black Ribbons
85053,French Enamel Candleholder
85059,French Enamel Water Basin
85066,Cream Sweetheart Mini Chest
85094,Candy Spot Egg Warmer Rabbit
85114C,Red Enchanted Forest Placemat
85123A,Cream Hanging Heart T-Light Holder
85131B,Beaded Crystal Heart Green On Stick
85131D,Beaded Crystal Heart Pink On Stick
85152,Hand Over The Chocolate Sign
85168B,Black Baroque Carriage Clock
85169C,Eau De Nil Love Bird Candle
85170C,Set/6 Eau De Nil Bird T-Lights
85173,Set/6 Frog Prince T-Light Candles
85177,Basket Of Flowers Sewing Kit
85178,Victorian Sewing Kit
85179A,Green Bitty Light Chain
85199S,Small Hanging Ivory/Red Wood Bird
85227,Set Of 6 3d Kit Cards For Kids
90003C,Midnight Blue Pair Heart Hair Slide
90003E,Green Pair Heart Hair Slides
90010A,Midnight Blue Glass/Silver Bracelet
90013A,Midnight Blue Vintage Earrings
90013C,Green Vintage Earrings
90014A,Silver Mop Orbit Necklace
90016B,Gold/Mop Pendant Orbit Necklace
90018B,Gold Mop Orbit Drop Earrings
90019B,Gold Mop Orbit Bracelet
90027D,Glass Bead Hoop Earrings Amethyst
90030B,Red Kukui Coconut Seed Necklace
90055,Cracked Glaze Earrings Brown
90059A,Diamante Hair Grip Pack/2 Crystal
90059D,Diamante Hair Grip Pack/2 Peridot
90059E,Diamante Hair Grip Pack/2 Ruby
90059F,Diamante Hair Grip Pack/2 Lt Rose
90072,Ruby Drop Chandelier Earrings
90086,Crystal Frog Phone Charm
90120B,Blue Murano Twist Bracelet
90120C,Green Murano Twist Bracelet
90130B,Turq Stone/Crystal Earrings
90130C,Green Stone/Crystal Earrings
90134,Old Rose Combo Bead Necklace
90138,White/Pink Mini Crystals Necklace
90141B,Ivory Pendant Triple Shell Necklace
90145,Silver Hoop Earrings With Flower
90155,Resin Necklace W Pastel Beads
90161D,Ant Copper Pink Boudicca Bracelet
90163A,Pink Rosebud & Pearl Necklace
90165B,White Rosebud Pearl Earrings
90168,2 Daisies Hair Comb
90169,Daisy Hair Comb
90170,Daisy Hair Band
90174,Butterfly Hair Band
90175A,White Glass Chunky Charm Bracelet
90175D,Tigris Eye Chunky Charm Bracelet
90177A,Classic Diamante Earrings Jet
90177C,Drop Diamante Earrings Crystal
90181B,Amethyst Glass/Shell/Pearl Necklace
90182C,Black 3 Bead Drop Earrings
90183A,Amber Drop Earrings W Long Beads
90183C,Black Drop Earrings W Long Beads
90184C,Black Chunky Bead Bracelet W Strap
90185B,Amethyst Diamante Expandable Ring
90188,Drop Earrings W Flower & Leaf
90191,Silver Lariat 40cm
90192,Jade Drop Earrings W Filigree
90198A,Vintage Rose Bead Bracelet Raspberr
90200A,Purple Sweetheart Bracelet
90201A,Purple Enamel Flower Ring
90201B,Black Enamel Flower Ring
90201C,Red Enamel Flower Ring
90201D,Green Enamel Flower Ring
90202C,Green Enamel Flower Hair Tie
90202D,Pink Enamel Flower Hair Tie
90206C,Crystal Diamante Star Brooch
90208,Pair Of Pink Flower Cluster Slide
90210A,Grey Acrylic Faceted Bangle
22378,Wall Tidy Retrospot
22379,Recycling Bag Retrospot
22380,Toy Tidy Spaceboy
22396,Magnets Pack Of 4 Retro Photo
22411,Jumbo Shopper Vintage Red Paisley
22418,10 Colour Spaceboy Pen
22419,Lipstick Pen Red
22420,Lipstick Pen Baby Pink
22421,Lipstick Pen Fuschia
22422,Toothpaste Tube Pen
22437,Set Of 9 Black Skull Balloons
22441,Grow Your Own Basil In Enamel Mug
22446,Pin Cushion Babushka Pink
22457,Natural Slate Heart Chalkboard
22464,Hanging Metal Heart Lantern
22466,Fairy Tale Cottage Night Light
22467,Gumball Coat Rack
22478,Birdhouse Garden Marker
22486,Plasmatronic Lamp
22488,Natural Slate Rectangle Chalkboard
22489,Pack Of 12 Traditional Crayons
22495,Set Of 2 Round Tins Camembert
22540,Mini Jigsaw Circus Parade
22544,Mini Jigsaw Spaceboy
22549,Picture Dominoes
22551,Plasters In Tin Spaceboy
22553,Plasters In Tin Skulls
22554,Plasters In Tin Woodland Animals
22555,Plasters In Tin Strongman
22557,Plasters In Tin Vintage Paisley
22558,Clothes Pegs Retrospot Pack 24
22560,Traditional Modelling Clay
22565,Feltcraft Hairbands Pink And White
22566,Feltcraft Hairband Pink And Purple
22571,Rocking Horse Red Christmas
22573,Star Wooden Christmas Decoration
22574,Heart Wooden Christmas Decoration
22576,Swallow Wooden Christmas Decoration
22577,Wooden Heart Christmas Scandinavian
22578,Wooden Star Christmas Scandinavian
22580,Advent Calendar Gingham Sack
22581,Wood Stocking Christmas Scandispot
22585,Pack Of 6 Birdy Gift Tags
22586,Feltcraft Hairband Pink And Blue
22589,Cardholder Gingham Star
22591,Cardholder Gingham Christmas Tree
22592,Cardholder Holly Wreath Metal
22593,Christmas Gingham Star
22594,Christmas Gingham Tree
22597,Musical Zinc Heart Decoration
22598,Christmas Musical Zinc Tree
22599,Christmas Musical Zinc Star
22600,Christmas Retrospot Star Wood
22601,Christmas Retrospot Angel Wood
22602,Retrospot Wooden Heart Decoration
22608,Pens Assorted Funky Jeweled
22614,Pack Of 12 Spaceboy Tissues
22615,Pack Of 12 Circus Parade Tissues
22616,Pack Of 12 London Tissues
22619,Set Of 6 Soldier Skittles
22620,4 Traditional Spinning Tops
22621,Traditional Knitting Nancy
22629,Spaceboy Lunch Box
22630,Dolly Girl Lunch Box
22632,Hand Warmer Red Retrospot
22633,Hand Warmer Union Jack
22634,Childs Breakfast Set Spaceboy
22650,Ceramic Pirate Chest Money Bank
22651,Gentleman Shirt Repair Kit
22653,Button Box
22654,Deluxe Sewing Kit
22659,Lunch Box I Love London
22666,Recipe Box Pantry Yellow Design
22693,Grow A Flytrap Or Sunflower In Tin
22694,Wicker Star
22697,Green Regency Teacup And Saucer
22699,Roses Regency Teacup And Saucer
22701,Pink Dog Bowl
22703,Pink Cat Bowl
22712,Card Dolly Girl
22713,Card I Love London
22714,Card Birthday Cowboy
22716,Card Circus Parade
22717,Card Dog And Ball
22720,Set Of 3 Cake Tins Pantry Design
22725,Alarm Clock Bakelike Chocolate
22726,Alarm Clock Bakelike Green
22727,Alarm Clock Bakelike Red
22730,Alarm Clock Bakelike Ivory
22741,Funky Diva Pen
22745,Poppy's Playhouse Bedroom
22748,Poppy's Playhouse Kitchen
22749,Feltcraft Princess Charlotte Doll
22751,Feltcraft Princess Olivia Doll
22753,Small Yellow Babushka Notebook
22754,Small Red Babushka Notebook
22757,Large Red Babushka Notebook
22758,Large Purple Babushka Notebook
22763,Key Cabinet Ma Campagne
22768,Family Photo Frame Cornice
22776,Sweetheart 3 Tier Cake Stand
22795,Sweetheart Recipe Book Stand
22798,Antique Glass Dressing Table Pot
22800,Antique Tall Swirlglass Trinket Pot
22809,Set Of 6 T-Lights Santa
22811,Set Of 6 T-Lights Cacti
22814,Card Party Games
22815,Card Psychedelic Apples
22816,Card Motorbike Santa
22817,Card Suki Birthday
22818,Card Christmas Village
22819,Birthday Card Retro Spot
22835,Hot Water Bottle I Am So Poorly
22865,Hand Warmer Owl Design
22866,Hand Warmer Scotty Dog Design
22867,Hand Warmer Bird Design
22881,Number Tile Vintage Font 2
22885,Number Tile Vintage Font 6
22888,Number Tile Vintage Font 9
22890,Novelty Biscuits Cake Stand 3 Tier
22898,Childrens Apron Apples Design
22899,Children's Apron Dolly Girl
22900,Set 2 Tea Towels I Love London
22905,Calendar In Season Design
22907,Pack Of 20 Napkins Pantry Design
22909,Set Of 20 Vintage Christmas Napkins
22910,Paper Chain Kit Vintage Christmas
22914,Blue Coat Rack Paris Fashion
22922,Fridge Magnets Us Diner Assorted
22924,Fridge Magnets La Vie En Rose
22928,Yellow Giant Garden Thermometer
22940,Feltcraft Christmas Fairy
22941,Christmas Lights 10 Reindeer
22943,Christmas Lights 10 Vintage Baubles
22948,Metal Decoration Naughty Children
22951,60 Cake Cases Dolly Girl Design
22952,60 Cake Cases Vintage Christmas
22955,36 Foil Star Cake Cases
22960,Jam Making Set With Jars
22961,Jam Making Set Printed
22962,Jam Jar With Pink Lid
22963,Jam Jar With Green Lid
22964,3 Piece Spaceboy Cookie Cutter Set
22965,3 Traditional Biscuit Cutters Set
22966,Gingerbread Man Cookie Cutter
22969,Homemade Jam Scented Candles
22975,Spaceboy Childrens Egg Cup
22976,Circus Parade Childrens Egg Cup
22977,Dolly Girl Childrens Egg Cup
22979,Pantry Washing Up Brush
22980,Pantry Scrubbing Brush
22982,Pantry Pastry Brush
22983,Card Billboard Font
22984,Card Gingham Rose
22988,Soldiers Egg Cup
22989,Set 2 Pantry Design Tea Towels
22992,Revolver Wooden Ruler
22993,Set Of 4 Pantry Jelly Moulds
22995,Travel Card Wallet Suki
22996,Travel Card Wallet Vintage Ticket
22997,Travel Card Wallet Union Jack
22998,Travel Card Wallet Keep Calm
22999,Travel Card Wallet Vintage Leaf
23005,Travel Card Wallet I Love London
23007,Spaceboy Baby Gift Set
23009,I Love London Baby Gift Set
23012,Glass Apothecary Bottle Perfume
23013,Glass Apothecary Bottle Tonic
23014,Glass Apothecary Bottle Elixir
23050,Recycled Acapulco Mat Green
23051,Recycled Acapulco Mat Blue
23052,Recycled Acapulco Mat Turquoise
23053,Recycled Acapulco Mat Pink
23054,Recycled Acapulco Mat Lavender
23074,Embossed Heart Trinket Box
23076,Ice Cream Sundae Lip Gloss
23077,Doughnut Lip Gloss
23082,Set 6 Paper Table Lantern Hearts
23083,Set 6 Paper Table Lantern Stars
23084,Rabbit Night Light
23088,Zinc Heart Flower T-Light Holder
23089,Glass Bon Bon Jar
23093,Small Parisienne Heart Photo Frame
23103,Jingle Bell Heart Decoration
23110,Parisienne Key Cabinet
23111,Parisienne Sewing Box
23112,Parisienne Curio Cabinet
23118,Parisienne Jewellery Drawer
23158,Set Of 5 Lucky Cat Magnets
23165,Large Ceramic Top Storage Jar
23166,Medium Ceramic Top Storage Jar
23168,Classic Cafe Sugar Dispenser
23171,Regency Tea Plate Green
23172,Regency Tea Plate Pink
23173,Regency Teapot Roses
23175,Regency Milk Jug Pink
23177,Treasure Island Book Box
23183,Mother's Kitchen Spoon Rest
23184,Bull Dog Bottle Opener
23188,Vintage 2 Metre Folding Ruler
23191,Bundle Of 3 Retro Note Books
23194,Gymkhana Treasure Book Box
23196,Vintage Leaf Magnetic Notepad
23197,Sketchbook Magnetic Shopping List
23198,Pantry Magnetic Shopping List
23204,Charlotte Bag Apples Design
23205,Charlotte Bag Vintage Alphabet
23212,Heart Wreath Decoration With Bell
23213,Star Wreath Decoration With Bell
23220,Reindeer Heart Decoration Gold
23224,Cherub Heart Decoration Gold
23229,Vintage Donkey Tail Game
23234,Biscuit Tin Vintage Christmas
23241,Treasure Tin Gymkhana Design
23243,Set Of Tea Coffee Sugar Tins Pantry
23245,Set Of 3 Regency Cake Tins
23247,Biscuit Tin 50'S Christmas
23264,Set Of 3 Wooden Sleigh Decorations
23265,Set Of 3 Wooden Tree Decorations
23266,Set Of 3 Wooden Stocking Decoration
23274,Star T-Light Holder Willie Winkie
23275,Set Of 3 Hanging Owls Ollie Beak
23280,Folding Butterfly Mirror Hot Pink
23284,Doormat Keep Calm And Come In
23285,Pink Vintage Spot Beaker
23287,Red Vintage Spot Beaker
23290,Spaceboy Childrens Bowl
23292,Spaceboy Childrens Cup
23293,Set Of 12 Fairy Cake Baking Cases
23294,Set Of 6 Snack Loaf Baking Cases
23295,Set Of 12 Mini Loaf Baking Cases
23298,Spotty Bunting
23299,Food Cover With Beads Set 2
23300,Gardeners Kneeling Pad Cup Of Tea
23301,Gardeners Kneeling Pad Keep Calm
23307,Set Of 60 Pantry Design Cake Cases
23308,Set Of 60 Vintage Leaf Cake Cases
23309,Set Of 60 I Love London Cake Cases
23310,Bubblegum Ring Assorted
23311,Vintage Christmas Stocking
23312,Vintage Christmas Gift Sack
23313,Vintage Christmas Bunting
23314,Vintage Christmas Tablecloth
23319,Box Of 6 Mini 50'S Crackers
23322,Large White Heart Of Wicker
23323,White Wicker Star
23328,Set 6 School Milk Bottles In Crate
23332,Ivory Wicker Heart Large
23334,Ivory Wicker Heart Small
23336,Egg Frying Pan Pink
23340,Vintage Christmas Cake Frill
23345,Dolly Girl Beaker
23347,I Love London Beaker
23349,Roll Wrap Vintage Christmas
23351,Roll Wrap 50'S Christmas
23352,Roll Wrap 50'S Red Christmas
23353,6 Gift Tags Vintage Christmas
23354,6 Gift Tags 50'S Christmas
23357,Hot Water Bottle Sex Bomb
23358,Hot Stuff Hot Water Bottle
23365,Set 12 Colour Pencils Love London
23366,Set 12 Colouring Pencils Doily
23367,Set 12 Colour Pencils Spaceboy
23368,Set 12 Colour Pencils Dolly Girl
23581,Jumbo Bag Paisley Park
21928,Jumbo Bag Scandinavian Blue Paisley
21929,Jumbo Bag Pink Vintage Paisley
85099C,Jumbo Bag Baroque Black White
23199,Jumbo Bag Apples
23200,Jumbo Bag Pears
23202,Jumbo Bag Vintage Leaf
23343,Jumbo Bag Vintage Christmas
23344,Jumbo Bag 50'S Christmas
23583,Lunch Bag Paisley Park
20727,Lunch Bag Black Skull
20728,Lunch Bag Cars Blue
20725,Lunch Bag Red Retrospot
20726,Lunch Bag Woodland
22662,Lunch Bag Dolly Girl Design
23206,Lunch Bag Apple Design
23208,Lunch Bag Vintage Leaf Design
23375,50'S Christmas Paper Gift Bag
23437,50'S Christmas Gift Bag Large
22821,Gift Bag Psychedelic Apples
79190B,Retro Plastic Polka Tray
79190A,Retro Plastic 70'S Tray
22915,Assorted Bottle Top Magnets
22151,Place Setting White Heart
22632,Hand Warmer Red Retrospot
22865,Hand Warmer Owl Design
20718,Red Retrospot Shopper Bag
79190B,Retro Plastic Polka Tray
71459,Hanging Jam Jar T-Light Holders
84945,Multi Colour Silver T-Light Holder
22356,Charlotte Bag Pink Polkadot
20724,Red Retrospot Charlotte Bag
23204,Charlotte Bag Apples Design
21108,Fairy Cake Flannel Assorted Colour
22252,Birdcage Decoration Tealight Holder
22807,Set Of 6 T-Lights Toadstools
23084,Rabbit Night Light
21559,Strawberry Lunch Box With Cutlery
21506,Fancy Font Birthday Card
22716,Card Circus Parade
22556,Plasters In Tin Circus Parade
22328,Round Snack Boxes Set Of 4 Fruits
22730,Alarm Clock Bakelike Ivory
22633,Hand Warmer Union Jack
22326,Round Snack Boxes Set Of4 Woodland
10125,Mini Funky Design Tapes
23367,Set 12 Colour Pencils Spaceboy
22551,Plasters In Tin Spaceboy
22554,Plasters In Tin Woodland Animals
22549,Picture Dominoes
23388,Woodland Mini Backpack
23390,Dolly Girl Mini Backpack
23389,Spaceboy Mini Backpack
23535,Wall Art Bicycle Safety
22699,Roses Regency Teacup And Saucer
22698,Pink Regency Teacup And Saucer
22697,Green Regency Teacup And Saucer
22633,Hand Warmer Union Jack
15056N,Edwardian Parasol Natural
23439,Hand Warmer Red Love Heart
48138,Doormat Union Flag
21523,Doormat Fancy Font Home Sweet Home
21877,Home Sweet Home Mug
21871,Save The Planet Mug
22798,Antique Glass Dressing Table Pot
23173,Regency Teapot Roses
22423,Regency Cakestand 3 Tier
22664,Toy Tidy Dolly Girl Design
22721,Set Of 3 Cake Tins Sketchbook
72800E,4 Ivory Dinner Candles Silver Flock
23313,Vintage Christmas Bunting
22952,60 Cake Cases Vintage Christmas
22909,Set Of 20 Vintage Christmas Napkins
23298,Spotty Bunting
23598,Paper Bunting Vintage Party
16169E,Wrap 50'S Christmas
23351,Roll Wrap 50'S Christmas
23350,Roll Wrap Vintage Spot
22865,Hand Warmer Owl Design
22632,Hand Warmer Red Retrospot
22835,Hot Water Bottle I Am So Poorly
22112,Chocolate Hot Water Bottle
23355,Hot Water Bottle Keep Calm
22314,Office Mug Warmer Choc+Blue
22313,Office Mug Warmer Pink
23084,Rabbit Night Light
20831,Gold Photo Frame
21115,Rose Caravan Doorstop
21462,Nursery A B C Painted Letters
22076,6 Ribbons Empire
22190,Local Cafe Mug
22215,Cake Stand White Two Tier Lace
22220,Cake Stand Lovebird 2 Tier White
22464,Hanging Metal Heart Lantern
22465,Hanging Metal Star Lantern
22539,Mini Jigsaw Dolly Girl
22544,Mini Jigsaw Spaceboy
23438,Red Spot Gift Bag Large
23437,50'S Christmas Gift Bag Large
20719,Woodland Charlotte Bag
20723,Strawberry Charlotte Bag
20724,Red Retrospot Charlotte Bag
21212,Pack Of 72 Retrospot Cake Cases
21238,Red Retrospot Cup
21242,Red Retrospot Plate
21479,White Skull Hot Water Bottle
21481,Fawn Blue Hot Water Bottle
21481,Fawn Blue Hot Water Bottle
21484,Chick Grey Hot Water Bottle
21668,Red Stripe Ceramic Drawer Knob
21670,Blue Spot Ceramic Drawer Knob
21671,Red Spot Ceramic Drawer Knob
21672,White Spot Red Ceramic Drawer Knob
21673,White Spot Blue Ceramic Drawer Knob
21714,Citronella Candle Garden Pot
22110,Bird House Hot Water Bottle
22111,Scottie Dog Hot Water Bottle
22112,Chocolate Hot Water Bottle
22114,Hot Water Bottle Tea And Sympathy
22197,Popcorn Holder
22355,Charlotte Bag Suki Design
22356,Charlotte Bag Pink Polkadot
22356,Charlotte Bag Pink Polkadot
22423,Regency Cakestand 3 Tier
22725,Alarm Clock Bakelike Chocolate
22726,Alarm Clock Bakelike Green
22727,Alarm Clock Bakelike Red
22730,Alarm Clock Bakelike Ivory
22735,Ribbon Reel Socks And Mittens
22736,Ribbon Reel Making Snowmen
22738,Ribbon Reel Snowy Village
22805,Blue Drawer Knob Acrylic Edwardian
22835,Hot Water Bottle I Am So Poorly
22895,Set Of 2 Tea Towels Apple And Pears
22896,Peg Bag Apples Design
22898,Childrens Apron Apples Design
22943,Christmas Lights 10 Vintage Baubles
23084,Rabbit Night Light
23168,Classic Cafe Sugar Dispenser
23204,Charlotte Bag Apples Design
23205,Charlotte Bag Vintage Alphabet
23301,Gardeners Kneeling Pad Keep Calm
23355,Hot Water Bottle Keep Calm
23356,Love Hot Water Bottle
23357,Hot Water Bottle Sex Bomb
23358,Hot Stuff Hot Water Bottle
35970,Zinc Folkart Sleigh Bells
47566,Party Bunting
82583,Hot Baths Metal Sign
84029G,Knitted Union Flag Hot Water Bottle
84997C,Childrens Cutlery Polkadot Blue
85049G,Chocolate Box Ribbons
20727,Lunch Bag Black Skull
22383,Lunch Bag Suki Design
23206,Lunch Bag Apple Design
23206,Lunch Bag Apple Design
23207,Lunch Bag Alphabet Design
23208,Lunch Bag Vintage Leaf Design
20669,Red Heart Luggage Tag
20679,Edwardian Parasol Red
20717,Strawberry Shopper Bag
20718,Red Retrospot Shopper Bag
20750,Red Retrospot Mini Cases
20961,Strawberry Bath Sponge
20963,Apple Bath Sponge
21115,Rose Caravan Doorstop
21125,Set 6 Football Celebration Candles
21137,Black Record Cover Frame
21155,Red Retrospot Peg Bag
21166,Cook With Wine Metal Sign
21169,You're Confusing Me Metal Sign
21174,Pottering In The Shed Metal Sign
21181,Please One Person Metal Sign
21216,Set 3 Retrospot Tea/Coffee/Sugar
21217,Red Retrospot Round Cake Tins
21218,Red Spotty Biscuit Tin
21232,Strawberry Ceramic Trinket Pot
21239,Pink Polkadot Cup
21257,Victorian Sewing Box Medium
21327,Skulls Writing Set
21328,Balloons Writing Set
21329,Dinosaurs Writing Set
21411,Gingham Heart Doorstop Red
21430,Set/3 Red Gingham Rose Storage Box
21494,Rotating Leaves T-Light Holder
21523,Doormat Fancy Font Home Sweet Home
21557,Set Of 6 Funky Beakers
21558,Skull Lunch Box With Cutlery
21731,Red Toadstool Led Night Light
21754,Home Building Block Word
21790,Vintage Snap Cards
21843,Red Retrospot Cake Stand
21864,Union Jack Flag Passport Cover
21874,Gin And Tonic Mug
21876,Pottering Mug
21890,S/6 Wooden Skittles In Cotton Bag
21912,Vintage Snakes & Ladders
21916,Set 12 Retro White Chalk Sticks
21930,Jumbo Storage Bag Skulls
21931,Jumbo Storage Bag Suki
21934,Skull Shoulder Bag
21935,Suki Shoulder Bag
21942,Skulls Design Flannel
21955,Doormat Union Jack Guns And Roses
21977,Pack Of 60 Pink Paisley Cake Cases
21983,Pack Of 12 Blue Paisley Tissues
21987,Pack Of 6 Skull Paper Cups
21989,Pack Of 20 Skull Paper Napkins
22041,"Record Frame 7"" Single Size"
22059,Ceramic Strawberry Design Mug
22069,Brown Pirate Treasure Chest
22077,6 Ribbons Rustic Charm
22083,Paper Chain Kit Retrospot
22086,Paper Chain Kit 50'S Christmas
22099,Caravan Square Tissue Box
22114,Hot Water Bottle Tea And Sympathy
22139,Retrospot Tea Set Ceramic 11 Pc
22141,Christmas Craft Tree Top Angel
22142,Christmas Craft White Fairy
22144,Christmas Craft Little Friends
22161,Heart Decoration Rustic Hanging
22173,Metal 4 Hook Hanger French Chateau
22174,Photo Cube
22175,Pink Owl Soft Toy
22178,Victorian Glass Hanging T-Light
22179,Set 10 Night Owl Lights
22186,Red Star Card Holder
22187,Green Christmas Tree Card Holder
22193,Red Diner Wall Clock
22195,Large Heart Measuring Spoons
22196,Small Heart Measuring Spoons
22207,Frying Pan Union Flag
22278,Overnight Bag Vintage Rose Paisley
22301,Coffee Mug Cat + Bird Design
22302,Coffee Mug Pears Design
22303,Coffee Mug Apples Design
22304,Coffee Mug Blue Paisley Design
22308,Tea Cosy Blue Stripe
22327,Round Snack Boxes Set Of 4 Skulls
22328,Round Snack Boxes Set Of 4 Fruits
22352,Lunch Box With Cutlery Retrospot
22357,Kings Choice Biscuit Tin
22358,Kings Choice Tea Caddy
22367,Childrens Apron Spaceboy Design
22371,Airline Bag Vintage Tokyo 78
22374,Airline Bag Vintage Jet Set Red
22378,Wall Tidy Retrospot
22379,Recycling Bag Retrospot
22381,Toy Tidy Pink Polkadot
22411,Jumbo Shopper Vintage Red Paisley
22422,Toothpaste Tube Pen
22424,Enamel Bread Bin Cream
22429,Enamel Measuring Jug Cream
22456,Natural Slate Chalkboard Large
22457,Natural Slate Heart Chalkboard
22471,Tv Dinner Tray Air Hostess
22474,Spaceboy Tv Dinner Tray
22488,Natural Slate Rectangle Chalkboard
22498,Wooden Regatta Bunting
22507,Memo Board Retrospot Design
22526,Wheelbarrow For Children
22553,Plasters In Tin Skulls
22557,Plasters In Tin Vintage Paisley
22619,Set Of 6 Soldier Skittles
22622,Box Of Vintage Alphabet Blocks
22624,Ivory Kitchen Scales
22629,Spaceboy Lunch Box
22632,Hand Warmer Red Retrospot
22645,Ceramic Heart Fairy Cake Money Bank
22654,Deluxe Sewing Kit
22659,Lunch Box I Love London
22666,Recipe Box Pantry Yellow Design
22676,French Blue Metal Door Sign 1
22684,French Blue Metal Door Sign 9
22694,Wicker Star
22697,Green Regency Teacup And Saucer
22698,Pink Regency Teacup And Saucer
22699,Roses Regency Teacup And Saucer
22722,Set Of 6 Spice Tins Pantry Design
22733,3d Traditional Christmas Stickers
22734,Set Of 6 Ribbons Vintage Christmas
22776,Sweetheart 3 Tier Cake Stand
22795,Sweetheart Recipe Book Stand
22807,Set Of 6 T-Lights Toadstools
22813,Pack 3 Boxes Bird Panettone
22838,3 Tier Cake Tin Red And Cream
22844,Vintage Cream Dog Food Container
22845,Vintage Cream Cat Food Container
22865,Hand Warmer Owl Design
22866,Hand Warmer Scotty Dog Design
22891,Tea For One Polkadot
22900,Set 2 Tea Towels I Love London
22910,Paper Chain Kit Vintage Christmas
22952,60 Cake Cases Vintage Christmas
22960,Jam Making Set With Jars
22961,Jam Making Set Printed
22966,Gingerbread Man Cookie Cutter
22993,Set Of 4 Pantry Jelly Moulds
23012,Glass Apothecary Bottle Perfume
23013,Glass Apothecary Bottle Tonic
23014,Glass Apothecary Bottle Elixir
23080,Red Metal Box Top Secret
23170,Regency Tea Plate Roses
23171,Regency Tea Plate Green
23172,Regency Tea Plate Pink
23181,Bull Dog Bottle Top Wall Clock
23196,Vintage Leaf Magnetic Notepad
23198,Pantry Magnetic Shopping List
23245,Set Of 3 Regency Cake Tins
23295,Set Of 12 Mini Loaf Baking Cases
23298,Spotty Bunting
23300,Gardeners Kneeling Pad Cup Of Tea
23301,Gardeners Kneeling Pad Keep Calm
23311,Vintage Christmas Stocking
23312,Vintage Christmas Gift Sack
23328,Set 6 School Milk Bottles In Crate
23349,Roll Wrap Vintage Christmas
23351,Roll Wrap 50'S Christmas
23352,Roll Wrap 50'S Red Christmas
23353,6 Gift Tags Vintage Christmas
23354,6 Gift Tags 50'S Christmas
23368,Set 12 Colour Pencils Dolly Girl
23369,Set 36 Colour Pencils Love London
23370,Set 36 Colouring Pencils Doily
23382,Box Of 6 Christmas Cake Decorations
23388,Woodland Mini Backpack
23480,Mini Lights Woodland Mushrooms
23493,Vintage Doily Travel Sewing Kit
23494,Vintage Doily Deluxe Sewing Kit
23497,Classic Chrome Bicycle Bell
23501,Key Ring Baseball Boot Union Jack
23564,Egg Cup Milkmaid Ingrid
35970,Zinc Folkart Sleigh Bells
48138,Doormat Union Flag
71053,White Moroccan Metal Lantern
72349B,Set/6 Purple Butterfly T-Lights
79321,Chilli Lights
82001S,Silver Record Cover Frame
82482,Wooden Picture Frame White Finish
82552,Washroom Metal Sign
21171,Bathroom Metal Sign
82581,Toilet Metal Sign
82600,N0 Singing Metal Sign
84029E,Red Woolly Hottie White Heart
84032A,Charlie+Lola Pink Hot Water Bottle
84032B,Charlie + Lola Red Hot Water Bottle
84375,Set Of 20 Kids Cookie Cutters
84509A,Set Of 4 English Rose Placemats
84558A,3d Dog Picture Playing Cards
84832,Zinc Willie Winkie Candle Stick
84968E,Set Of 16 Vintage Black Cutlery
84970S,Hanging Heart Zinc T-Light Holder
84997A,Childrens Cutlery Polkadot Green
84997B,Childrens Cutlery Retrospot Red
84997D,Childrens Cutlery Polkadot Pink
85038,6 Chocolate Love Heart T-Lights
85048,15cm Christmas Glass Ball 20 Lights
85049A,Traditional Christmas Ribbons
85049E,Scandinavian Reds Ribbons
85150,Ladies & Gentlemen Metal Sign
85174,S/4 Cacti Candles
20712,Jumbo Bag Woodland Animals
20713,Jumbo Bag Owls
21928,Jumbo Bag Scandinavian Blue Paisley
22386,Jumbo Bag Pink Polkadot
22663,Jumbo Bag Dolly Girl Design
23199,Jumbo Bag Apples
23201,Jumbo Bag Alphabet
85099B,Jumbo Bag Red Retrospot
85099C,Jumbo Bag Baroque Black White
20726,Lunch Bag Woodland
20728,Lunch Bag Cars Blue
22384,Lunch Bag Pink Polkadot
23437,50'S Christmas Gift Bag Large
82486,3 Drawer Antique White Wood Cabinet
85066,Cream Sweetheart Mini Chest
48187,Doormat New England
22319,Hairclips Forties Fabric Assorted
20704,Mr Robot Soft Toy
21564,Pink Heart Shape Love Bucket
21563,Red Heart Shape Love Bucket
22165,Diamante Heart Shaped Wall Mirror
22299,Pig Keyring With Light & Sound
22447,Pin Cushion Babushka Blue
22442,Grow Your Own Flowers Set Of 3
22495,Set Of 2 Round Tins Camembert
22544,Mini Jigsaw Spaceboy
22695,Wicker Wreath Small
22785,Squarecushion Cover Pink Union Jack
22811,Set Of 6 T-Lights Cacti
22807,Set Of 6 T-Lights Toadstools
22942,Christmas Lights 10 Santas
22808,Set Of 6 T-Lights Easter Chicks
23143,Zinc Wire Kitchen Organiser
23151,Zinc Sweetheart Soap Dish
23425,Storage Tin Home Sweet Home
84356,Pompom Curtain
85173,Set/6 Frog Prince T-Light Candles
21731,Red Toadstool Led Night Light
23480,Mini Lights Woodland Mushrooms
22545,Mini Jigsaw Bunnies
22087,Paper Bunting White Lace
21209,Multicolour Honeycomb Fan
20668,Disco Ball Christmas Decoration
21790,Vintage Snap Cards
23270,Set Of 2 Ceramic Painted Hearts
23103,Jingle Bell Heart Decoration
22576,Swallow Wooden Christmas Decoration
22153,Angel Decoration Stars On Dress
21810,Christmas Hanging Star With Bell
22155,Star Decoration Rustic
23210,White Rocking Horse Hand Painted
22573,Star Wooden Christmas Decoration
22075,6 Ribbons Elegant Christmas
85049A,Traditional Christmas Ribbons
22734,Set Of 6 Ribbons Vintage Christmas
23274,Star T-Light Holder Willie Winkie
22153,Angel Decoration Stars On Dress
22596,Christmas Star Wish List Chalkboard
22952,60 Cake Cases Vintage Christmas
22141,Christmas Craft Tree Top Angel
22753,Small Yellow Babushka Notebook
22755,Small Purple Babushka Notebook
22754,Small Red Babushka Notebook
22721,Set Of 3 Cake Tins Sketchbook
22059,Ceramic Strawberry Design Mug
22199,Frying Pan Red Retrospot
22200,Frying Pan Pink Polkadot
84032A,Charlie+Lola Pink Hot Water Bottle
84032B,Charlie + Lola Red Hot Water Bottle
84031A,Charlie+Lola Red Hot Water Bottle
84031B,Charlie Lola Blue Hot Water Bottle
22646,Ceramic Strawberry Cake Money Bank
22644,Ceramic Cherry Cake Money Bank
22645,Ceramic Heart Fairy Cake Money Bank
22394,Paperweight Kings Choice
17091J,Vanilla Incense In Tin
35471D,Set Of 3 Bird Light Pink Feather
22075,6 Ribbons Elegant Christmas
17091J,Vanilla Incense In Tin
22069,Brown Pirate Treasure Chest
22068,Black Pirate Treasure Chest
22500,Set Of 2 Tins Jardin De Provence
22075,6 Ribbons Elegant Christmas
21705,Bag 500g Swirly Marbles
21109,Large Cake Towel Chocolate Spots
21111,Swiss Roll Towel Chocolate Spots
21705,Bag 500g Swirly Marbles
22185,Slate Tile Natural Hanging
22442,Grow Your Own Flowers Set Of 3
21620,Set Of 4 Rose Botanical Candles
84029G,Knitted Union Flag Hot Water Bottle
21485,Retrospot Heart Hot Water Bottle
22111,Scottie Dog Hot Water Bottle
23355,Hot Water Bottle Keep Calm
22112,Chocolate Hot Water Bottle
23356,Love Hot Water Bottle
21108,Fairy Cake Flannel Assorted Colour
22171,3 Hook Photo Shelf Antique White
23301,Gardeners Kneeling Pad Keep Calm
23193,Buffalo Bill Treasure Book Box
23194,Gymkhana Treasure Book Box
23084,Rabbit Night Light
22068,Black Pirate Treasure Chest
22956,36 Foil Heart Cake Cases
20936,Forked Cactus Candle
23040,Paper Lantern 9 Point Snow Star
22909,Set Of 20 Vintage Christmas Napkins
21222,Set/4 Badges Beetles
21220,Set/4 Badges Dogs
21224,Set/4 Skull Badges
85123A,Cream Hanging Heart T-Light Holder
22992,Revolver Wooden Ruler
79066K,Retro Mod Tray
84380,Set Of 3 Butterfly Cookie Cutters
23371,Set 36 Colour Pencils Spaceboy
22694,Wicker Star
22095,Lads Only Tissue Box
23275,Set Of 3 Hanging Owls Ollie Beak
21673,White Spot Blue Ceramic Drawer Knob
21670,Blue Spot Ceramic Drawer Knob
85071C,"Charlie+Lola""Extremely Busy"" Sign"
23349,Roll Wrap Vintage Christmas
23034,Drawer Knob Ceramic Black
21669,Blue Stripe Ceramic Drawer Knob
23033,Drawer Knob Ceramic Red
21668,Red Stripe Ceramic Drawer Knob
23275,Set Of 3 Hanging Owls Ollie Beak
23318,Box Of 6 Mini Vintage Crackers
23382,Box Of 6 Christmas Cake Decorations
22469,Heart Of Wicker Small
22899,Children's Apron Dolly Girl
22367,Childrens Apron Spaceboy Design
22899,Children's Apron Dolly Girl
23527,Wall Art Animals And Nature
23524,Wall Art Horse & Pony
23525,Wall Art Buffalo Bill
84380,Set Of 3 Butterfly Cookie Cutters
23122,Party Charms 50 Pieces
21990,Modern Floral Stationery Set
21329,Dinosaurs Writing Set
21328,Balloons Writing Set
22561,Wooden School Colouring Set
84519A,Tomato Charlie+Lola Coaster Set
84519B,Carrot Charlie+Lola Coaster Set
35004B,Set Of 3 Black Flying Ducks
22068,Black Pirate Treasure Chest
23353,6 Gift Tags Vintage Christmas
21591,Cosy Hour Cigar Box Matches
22197,Popcorn Holder
23320,Giant 50'S Christmas Cracker
23349,Roll Wrap Vintage Christmas
22985,Wrap Billboard Fonts Design
23040,Paper Lantern 9 Point Snow Star
23040,Paper Lantern 9 Point Snow Star
21194,Pink Honeycomb Paper Fan
21208,Pastel Colour Honeycomb Fan
79190D,Retro Plastic Daisy Tray
79190B,Retro Plastic Polka Tray
22909,Set Of 20 Vintage Christmas Napkins
23318,Box Of 6 Mini Vintage Crackers
23319,Box Of 6 Mini 50'S Crackers
23537,Wall Art I Love London
22992,Revolver Wooden Ruler
22991,Giraffe Wooden Ruler
23190,Bundle Of 3 School Exercise Books
21194,Pink Honeycomb Paper Fan
35004B,Set Of 3 Black Flying Ducks
22694,Wicker Star
21355,Toast Its - I Love You
23343,Jumbo Bag Vintage Christmas
23343,Jumbo Bag Vintage Christmas
20727,Lunch Bag Black Skull
20725,Lunch Bag Red Retrospot
23404,Home Sweet Home Blackboard
21417,Cockle Shell Dish
22464,Hanging Metal Heart Lantern
22465,Hanging Metal Star Lantern
84971S,Small Heart Flowers Hook
22624,Ivory Kitchen Scales
22627,Mint Kitchen Scales
22625,Red Kitchen Scales
23355,Hot Water Bottle Keep Calm
21326,Aged Glass Silver T-Light Holder
21479,White Skull Hot Water Bottle
23356,Love Hot Water Bottle
21137,Black Record Cover Frame
22141,Christmas Craft Tree Top Angel
22175,Pink Owl Soft Toy
21481,Fawn Blue Hot Water Bottle
23570,Traditional Pick Up Sticks Game
22326,Round Snack Boxes Set Of4 Woodland
22331,Woodland Party Bag + Sticker Set
22834,Hand Warmer Babushka Design
21914,Blue Harmonica In Box
22139,Retrospot Tea Set Ceramic 11 Pc
23077,Doughnut Lip Gloss
20750,Red Retrospot Mini Cases
22505,Memo Board Cottage Design
23326,Hanging Mini Coloured Bottles
21313,Glass Heart T-Light Holder
48187,Doormat New England
23317,Blue Refectory Clock
23197,Sketchbook Magnetic Shopping List
21012,Antique All Glass Candlestick
22227,Hanging Heart Mirror Decoration
22794,Sweetheart Wire Magazine Rack
23182,Toilet Sign Occupied Or Vacant
21755,Love Building Block Word
85053,French Enamel Candleholder
23110,Parisienne Key Cabinet
21169,You're Confusing Me Metal Sign
21258,Victorian Sewing Box Large
23168,Classic Cafe Sugar Dispenser
23167,Small Ceramic Top Storage Jar
21314,Small Glass Heart Trinket Pot
21137,Black Record Cover Frame
44234,Assorted Circular Mobile
84347,Rotating Silver Angels T-Light Hldr
23328,Set 6 School Milk Bottles In Crate
22627,Mint Kitchen Scales
22624,Ivory Kitchen Scales
23245,Set Of 3 Regency Cake Tins
22326,Round Snack Boxes Set Of4 Woodland
22328,Round Snack Boxes Set Of 4 Fruits
23238,Set Of 4 Knick Knack Tins London
23237,Set Of 4 Knick Knack Tins Leaf
21257,Victorian Sewing Box Medium
21258,Victorian Sewing Box Large
23111,Parisienne Sewing Box
22077,6 Ribbons Rustic Charm
22074,6 Ribbons Shimmering Pinks
22621,Traditional Knitting Nancy
23199,Jumbo Bag Apples
23581,Jumbo Bag Paisley Park
21124,Set/10 Blue Polkadot Party Candles
21122,Set/10 Pink Polkadot Party Candles
21121,Set/10 Red Polkadot Party Candles
23389,Spaceboy Mini Backpack
22556,Plasters In Tin Circus Parade
22976,Circus Parade Childrens Egg Cup
23255,Childrens Cutlery Circus Parade
84997D,Childrens Cutlery Polkadot Pink
84997B,Childrens Cutlery Retrospot Red
84997C,Childrens Cutlery Polkadot Blue
22555,Plasters In Tin Strongman
21914,Blue Harmonica In Box
22549,Picture Dominoes
21918,Set 12 Kids Colour Chalk Sticks
22992,Revolver Wooden Ruler
22991,Giraffe Wooden Ruler
23229,Vintage Donkey Tail Game
22622,Box Of Vintage Alphabet Blocks
21506,Fancy Font Birthday Card
21507,Elephant Birthday Card
23037,Candle Holder Silver Madeline
23550,Wrap Alphabet Poster
22711,Wrap Circus Parade
21497,Fancy Fonts Birthday Wrap
22704,Wrap Red Apples
22585,Pack Of 6 Birdy Gift Tags
23205,Charlotte Bag Vintage Alphabet
23515,Embroidered Ribbon Reel Daisy
22081,Ribbon Reel Flora + Fauna
22080,Ribbon Reel Polkadots
23298,Spotty Bunting
22993,Set Of 4 Pantry Jelly Moulds
22907,Pack Of 20 Napkins Pantry Design
22908,Pack Of 20 Napkins Red Apples
23215,Jingle Bell Heart Antique Silver
22736,Ribbon Reel Making Snowmen
23201,Jumbo Bag Alphabet
22411,Jumbo Shopper Vintage Red Paisley
21931,Jumbo Storage Bag Suki
23353,6 Gift Tags Vintage Christmas
23350,Roll Wrap Vintage Spot
23319,Box Of 6 Mini 50'S Crackers
23318,Box Of 6 Mini Vintage Crackers
22910,Paper Chain Kit Vintage Christmas
22086,Paper Chain Kit 50'S Christmas
21121,Set/10 Red Polkadot Party Candles
23489,Vintage Bells Garland
23570,Traditional Pick Up Sticks Game
22993,Set Of 4 Pantry Jelly Moulds
23480,Mini Lights Woodland Mushrooms
23084,Rabbit Night Light
22197,Popcorn Holder
23293,Set Of 12 Fairy Cake Baking Cases
23313,Vintage Christmas Bunting
84347,Rotating Silver Angels T-Light Hldr
22083,Paper Chain Kit Retrospot
23376,Pack Of 12 Vintage Christmas Tissue
22941,Christmas Lights 10 Reindeer
22386,Jumbo Bag Pink Polkadot
21929,Jumbo Bag Pink Vintage Paisley
85099C,Jumbo Bag Baroque Black White
20713,Jumbo Bag Owls
23199,Jumbo Bag Apples
23201,Jumbo Bag Alphabet
23343,Jumbo Bag Vintage Christmas
23344,Jumbo Bag 50'S Christmas
23581,Jumbo Bag Paisley Park
23334,Ivory Wicker Heart Small
21790,Vintage Snap Cards
84993A,75 Green Petit Four Cases
22906,12 Message Cards With Envelopes
21803,Christmas Tree Star Decoration
21809,Christmas Hanging Tree With Bell
20974,12 Pencils Small Tube Skull
23338,Egg Frying Pan Red
85049A,Traditional Christmas Ribbons
23126,Feltcraft Girl Amelie Kit
22695,Wicker Wreath Small
22144,Christmas Craft Little Friends
22908,Pack Of 20 Napkins Red Apples
22894,Tablecloth Red Apples Design
22704,Wrap Red Apples
22721,Set Of 3 Cake Tins Sketchbook
22816,Card Motorbike Santa
85049E,Scandinavian Reds Ribbons
22075,6 Ribbons Elegant Christmas
21351,Cinammon & Orange Wreath
22698,Pink Regency Teacup And Saucer
22567,20 Dolly Pegs Retrospot
79321,Chilli Lights
37500,Tea Time Teapot In Gift Box
23562,Set Of 6 Ribbons Perfectly Pretty
23561,Set Of 6 Ribbons Party
23681,Lunch Bag Red Vintage Doily
23552,Bicycle Puncture Repair Kit
23498,Classic Bicycle Clips
85038,6 Chocolate Love Heart T-Lights
20725,Lunch Bag Red Retrospot
20832,Red Flock Love Heart Photo Frame
85038,6 Chocolate Love Heart T-Lights
22481,Black Tea Towel Classic Design
22915,Assorted Bottle Top Magnets
22178,Victorian Glass Hanging T-Light
22460,Embossed Glass Tealight Holder
84832,Zinc Willie Winkie Candle Stick
23084,Rabbit Night Light
84879,Assorted Colour Bird Ornament
84945,Multi Colour Silver T-Light Holder
22113,Grey Heart Hot Water Bottle
23356,Love Hot Water Bottle
22726,Alarm Clock Bakelike Green
22727,Alarm Clock Bakelike Red
16016,Large Chinese Style Scissor
21916,Set 12 Retro White Chalk Sticks
84692,Box Of 24 Cocktail Parasols
84946,Antique Silver T-Light Glass
21684,Small Medina Stamped Metal Bowl
22398,Magnets Pack Of 4 Swallows
23328,Set 6 School Milk Bottles In Crate
23145,Zinc T-Light Holder Star Large
22466,Fairy Tale Cottage Night Light
22061,Large Cake Stand Hanging Strawbery
23275,Set Of 3 Hanging Owls Ollie Beak
21217,Red Retrospot Round Cake Tins
20685,Doormat Red Retrospot
22631,Circus Parade Lunch Box
22556,Plasters In Tin Circus Parade
22555,Plasters In Tin Strongman
22728,Alarm Clock Bakelike Pink
22727,Alarm Clock Bakelike Red
22726,Alarm Clock Bakelike Green
22730,Alarm Clock Bakelike Ivory
22367,Childrens Apron Spaceboy Design
22629,Spaceboy Lunch Box
23256,Childrens Cutlery Spaceboy
22613,Pack Of 20 Spaceboy Napkins
22899,Children's Apron Dolly Girl
23254,Childrens Cutlery Dolly Girl
23255,Childrens Cutlery Circus Parade
22138,Baking Set 9 Piece Retrospot
72760B,Vintage Cream 3 Basket Cake Stand
23463,Vintage Zinc Watering Can
22768,Family Photo Frame Cornice
23843,Paper Craft Little Birdie
22178,Victorian Glass Hanging T-Light
23144,Zinc T-Light Holder Stars Small
21258,Victorian Sewing Box Large
84978,Hanging Heart Jar T-Light Holder
20979,36 Pencils Tube Red Retrospot
23494,Vintage Doily Deluxe Sewing Kit
22969,Homemade Jam Scented Candles
22910,Paper Chain Kit Vintage Christmas
22734,Set Of 6 Ribbons Vintage Christmas
22621,Traditional Knitting Nancy
22144,Christmas Craft Little Friends
22086,Paper Chain Kit 50'S Christmas
21914,Blue Harmonica In Box
21791,Vintage Heads And Tails Card Game
21790,Vintage Snap Cards
20983,12 Pencils Tall Tube Red Retrospot
22421,Lipstick Pen Fuschia
22727,Alarm Clock Bakelike Red
22809,Set Of 6 T-Lights Santa
23382,Box Of 6 Christmas Cake Decorations
21181,Please One Person Metal Sign
22695,Wicker Wreath Small
23370,Set 36 Colouring Pencils Doily
48187,Doormat New England
48194,Doormat Hearts
48185,Doormat Fairy Cake
23283,Doormat Vintage Leaf
48129,Doormat Topiary
23284,Doormat Keep Calm And Come In
22690,Doormat Home Sweet Home Blue
20685,Doormat Red Retrospot
21930,Jumbo Storage Bag Skulls
22411,Jumbo Shopper Vintage Red Paisley
22059,Ceramic Strawberry Design Mug
22057,Ceramic Plate Strawberry Design
22599,Christmas Musical Zinc Star
22597,Musical Zinc Heart Decoration
22055,Mini Cake Stand Hanging Strawbery
22061,Large Cake Stand Hanging Strawbery
23202,Jumbo Bag Vintage Leaf
23581,Jumbo Bag Paisley Park
20713,Jumbo Bag Owls
22385,Jumbo Bag Spaceboy Design
85099C,Jumbo Bag Baroque Black White
23582,Vintage Doily Jumbo Bag Red
23344,Jumbo Bag 50'S Christmas
85099B,Jumbo Bag Red Retrospot
15036,Assorted Colours Silk Fan
16219,House Shape Pencil Sharpener
16235,Recycled Pencil With Rabbit Eraser
16236,Kitty Pencil Erasers
16237,Sleeping Cat Erasers
16238,Party Time Pencil Erasers
17012D,Origami Rose Incense/Candle Set
17012F,Origami Sandlewood Incense/Cand Set
17084N,Fairy Dreams Incense
17084P,Dragons Blood Incense
18097C,White Tall Porcelain T-Light Holder
20668,Disco Ball Christmas Decoration
20682,Red Retrospot Childrens Umbrella
20717,Strawberry Shopper Bag
20719,Woodland Charlotte Bag
20723,Strawberry Charlotte Bag
20733,Gold Mini Tape Measure
20764,Abstract Circles Sketchbook
20836,French Paisley Cushion Cover
20866,Blue Rose Fabric Mirror
20914,Set/5 Red Retrospot Lid Glass Bowls
20963,Apple Bath Sponge
20971,Pink Blue Felt Craft Trinket Box
20972,Pink Cream Felt Craft Trinket Box
20973,12 Pencil Small Tube Woodland
20978,36 Pencils Tube Skulls
20979,36 Pencils Tube Red Retrospot
20983,12 Pencils Tall Tube Red Retrospot
20985,Heart Calculator
21001,Rose Du Sud Washbag
21012,Antique All Glass Candlestick
21015,Dark Bird House Tree Decoration
21026,Space Owl
21064,Boom Box Speaker Boys
21065,Boom Box Speaker Girls
21080,Set/20 Red Retrospot Paper Napkins
21094,Set/6 Red Spotty Paper Plates
21096,Set/6 Fruit Salad Paper Plates
21098,Christmas Toilet Roll
21108,Fairy Cake Flannel Assorted Colour
21123,Set/10 Ivory Polkadot Party Candles
21126,Set Of 6 Girls Celebration Candles
21137,Black Record Cover Frame
21154,Red Retrospot Oven Glove
21156,Retrospot Childrens Apron
21162,Toxic Area Door Hanger
21166,Cook With Wine Metal Sign
21058,Party Invites Woodland
21167,White Sage Incense
21174,Pottering In The Shed Metal Sign
21175,Gin And Tonic Diet Metal Sign
21189,White Honeycomb Paper Garland
21201,Tropical Honeycomb Paper Garland
21212,Pack Of 72 Retrospot Cake Cases
21213,Pack Of 72 Skull Cake Cases
21215,Ivory Paper Cup Cake Cases
21217,Red Retrospot Round Cake Tins
21219,Set/4 Badges Balloon Girl
21221,Set/4 Badges Cute Creatures
21222,Set/4 Badges Beetles
21224,Set/4 Skull Badges
21231,Sweetheart Ceramic Trinket Box
21232,Strawberry Ceramic Trinket Pot
21249,Woodland Height Chart Stickers
21284,Retrospot Candle Small
21288,Stripey Chocolate Nesting Boxes
21314,Small Glass Heart Trinket Pot
21327,Skulls Writing Set
21328,Balloons Writing Set
21329,Dinosaurs Writing Set
21356,Toast Its - Fairy Flower
21358,Toast Its - Happy Birthday
21383,Pack Of 12 Sticky Bunnies
21390,Filigris Heart With Butterfly
21429,Red Gingham Rose Jewellery Box
21454,Painted Pink Rabbit
21470,Flower Vine Raffia Food Cover
21471,Strawberry Raffia Food Cover
21484,Chick Grey Hot Water Bottle
21494,Rotating Leaves T-Light Holder
21506,Fancy Font Birthday Card
21519,Gin & Tonic Diet Greeting Card
21544,Skulls Water Transfer Tattoos
21558,Skull Lunch Box With Cutlery
21559,Strawberry Lunch Box With Cutlery
21580,Rabbit Design Cotton Tote Bag
21615,4 Lavender Botanical Dinner Candles
21616,4 Pear Botanical Dinner Candles
21619,4 Vanilla Botanical Candles
21620,Set Of 4 Rose Botanical Candles
21650,Assorted Tutti Frutti Bracelet
21675,Butterflies Stickers
21677,Hearts Stickers
21680,Woodland Stickers
21703,Bag 125g Swirly Marbles
21722,Sweet Pudding Sticker Sheet
21724,Panda And Bunnies Sticker Sheet
21731,Red Toadstool Led Night Light
21739,Cosy Slipper Shoes Small Green
21755,Love Building Block Word
21773,Decorative Rose Bathroom Bottle
21774,Decorative Cats Bathroom Bottle
21775,Decorative Flore Bathroom Bottle
21786,Polkadot Rain Hat
21787,Rain Poncho Retrospot
21790,Vintage Snap Cards
21810,Christmas Hanging Star With Bell
21813,Garland With Stars And Bells
21822,Glitter Christmas Tree With Bells
21832,Chocolate Calculator
21843,Red Retrospot Cake Stand
21846,Pink Diamante Pen In Gift Box
21873,If You Can't Stand The Heat Mug
21889,Wooden Box Of Dominoes
21891,Traditional Wooden Skipping Rope
21892,Traditional Wooden Catch Cup Game
21899,Garage Key Fob
21900,Key Fob Shed
21901,Key Fob Back Door
21902,Key Fob Front Door
21914,Blue Harmonica In Box
21918,Set 12 Kids Colour Chalk Sticks
21930,Jumbo Storage Bag Skulls
21931,Jumbo Storage Bag Suki
21932,Scandinavian Paisley Picnic Bag
21933,Pink Vintage Paisley Picnic Bag
21934,Skull Shoulder Bag
21935,Suki Shoulder Bag
21942,Skulls Design Flannel
21943,Cakes And Rabbits Design Flannel
21945,Strawberries Design Flannel
21946,Party Time Design Flannel
21967,Pack Of 12 Skull Tissues
21975,Pack Of 60 Dinosaur Cake Cases
21977,Pack Of 60 Pink Paisley Cake Cases
21981,Pack Of 12 Woodland Tissues
21982,Pack Of 12 Suki Tissues
21983,Pack Of 12 Blue Paisley Tissues
21984,Pack Of 12 Pink Paisley Tissues
21985,Pack Of 12 Hearts Design Tissues
21990,Modern Floral Stationery Set
21991,Bohemian Collage Stationery Set
21993,Floral Folk Stationery Set
22023,Empire Birthday Card
22024,Rainy Ladies Birthday Card
22029,Spaceboy Birthday Card
22064,Pink Doughnut Trinket Pot
22065,Christmas Pudding Trinket Pot
22069,Brown Pirate Treasure Chest
22074,6 Ribbons Shimmering Pinks
22075,6 Ribbons Elegant Christmas
22076,6 Ribbons Empire
22077,6 Ribbons Rustic Charm
22086,Paper Chain Kit 50'S Christmas
22090,Paper Bunting Retrospot
22104,Mirror Mosaic Candle Plate
22105,Mirror Mosaic Goblet Candle Holder
22106,Mirror Mosaic Hurricane Lamp
22107,Pizza Plate In Box
22109,Full English Breakfast Plate
22110,Bird House Hot Water Bottle
22113,Grey Heart Hot Water Bottle
22114,Hot Water Bottle Tea And Sympathy
22124,Set Of 2 Tea Towels Ping Microwave
22129,Party Cones Candy Decoration
22134,Mini Ladle Love Heart Red
22139,Retrospot Tea Set Ceramic 11 Pc
22150,3 Stripey Mice Feltcraft
22156,Heart Decoration With Pearls
22163,Heart String Memo Holder Hanging
22167,Oval Wall Mirror Diamante
22169,Family Album White Picture Frame
22171,3 Hook Photo Shelf Antique White
22174,Photo Cube
22178,Victorian Glass Hanging T-Light
22186,Red Star Card Holder
22187,Green Christmas Tree Card Holder
22188,Black Heart Card Holder
22190,Local Cafe Mug
22197,Popcorn Holder
22208,Wood Stamp Set Thank You
22210,Wood Stamp Set Best Wishes
22211,Wood Stamp Set Flowers
22212,Four Hook White Lovebirds
22219,Lovebird Hanging Decoration White
22227,Hanging Heart Mirror Decoration
22249,Decoration White Chick Magic Garden
22261,Felt Egg Cosy White Rabbit
22263,Felt Egg Cosy Ladybird
22274,Feltcraft Doll Emily
22277,Cosmetic Bag Vintage Rose Paisley
22294,Heart Filigree Dove Small
22296,Heart Ivory Trellis Large
22297,Heart Ivory Trellis Small
22312,Office Mug Warmer Polkadot
22315,200 Red + White Bendy Straws
22324,Blue Polkadot Kids Bag
22327,Round Snack Boxes Set Of 4 Skulls
22329,Round Container Set Of 5 Retrospot
22331,Woodland Party Bag + Sticker Set
22335,Heart Decoration Painted Zinc
22338,Star Decoration Painted Zinc
22340,Noel Garland Painted Zinc
22341,Love Garland Painted Zinc
22348,Tea Bag Plate Red Retrospot
22355,Charlotte Bag Suki Design
22358,Kings Choice Tea Caddy
22360,Glass Jar English Confectionery
22363,Glass Jar Marmalade
22364,Glass Jar Digestive Biscuits
22375,Airline Bag Vintage Jet Set Brown
22406,Money Box Kings Choice Design
22411,Jumbo Shopper Vintage Red Paisley
22417,Pack Of 60 Spaceboy Cake Cases
22418,10 Colour Spaceboy Pen
22419,Lipstick Pen Red
22420,Lipstick Pen Baby Pink
22421,Lipstick Pen Fuschia
22422,Toothpaste Tube Pen
22423,Regency Cakestand 3 Tier
22424,Enamel Bread Bin Cream
22433,Watering Can Green Dinosaur
22441,Grow Your Own Basil In Enamel Mug
22446,Pin Cushion Babushka Pink
22457,Natural Slate Heart Chalkboard
22464,Hanging Metal Heart Lantern
22466,Fairy Tale Cottage Night Light
22477,Watering Can Garden Marker
22486,Plasmatronic Lamp
22489,Pack Of 12 Traditional Crayons
22494,Emergency First Aid Tin
22495,Set Of 2 Round Tins Camembert
22505,Memo Board Cottage Design
22508,Doorstop Retrospot Heart
22513,Doorstop Football Design
22514,Childs Garden Spade Blue
22516,Childs Garden Rake Blue
22549,Picture Dominoes
22550,Holiday Fun Ludo
22553,Plasters In Tin Skulls
22554,Plasters In Tin Woodland Animals
22555,Plasters In Tin Strongman
22556,Plasters In Tin Circus Parade
22557,Plasters In Tin Vintage Paisley
22563,Happy Stencil Craft
22565,Feltcraft Hairbands Pink And White
22566,Feltcraft Hairband Pink And Purple
22574,Heart Wooden Christmas Decoration
22576,Swallow Wooden Christmas Decoration
22577,Wooden Heart Christmas Scandinavian
22578,Wooden Star Christmas Scandinavian
22580,Advent Calendar Gingham Sack
22581,Wood Stocking Christmas Scandispot
22585,Pack Of 6 Birdy Gift Tags
22587,Feltcraft Hairband Red And Blue
22588,Card Holder Gingham Heart
22591,Cardholder Gingham Christmas Tree
22592,Cardholder Holly Wreath Metal
22593,Christmas Gingham Star
22594,Christmas Gingham Tree
22596,Christmas Star Wish List Chalkboard
22597,Musical Zinc Heart Decoration
22598,Christmas Musical Zinc Tree
22599,Christmas Musical Zinc Star
22600,Christmas Retrospot Star Wood
22604,Set Of 4 Napkin Charms Cutlery
22605,Wooden Croquet Garden Set
22608,Pens Assorted Funky Jeweled
22614,Pack Of 12 Spaceboy Tissues
22619,Set Of 6 Soldier Skittles
22620,4 Traditional Spinning Tops
22621,Traditional Knitting Nancy
22622,Box Of Vintage Alphabet Blocks
22624,Ivory Kitchen Scales
22625,Red Kitchen Scales
22629,Spaceboy Lunch Box
22631,Circus Parade Lunch Box
22639,Set Of 4 Napkin Charms Hearts
22640,Set Of 4 Napkin Charms 3 Keys
22642,Set Of 4 Napkin Charms Stars
22643,Set Of 4 Napkin Charms Leaves
22644,Ceramic Cherry Cake Money Bank
22645,Ceramic Heart Fairy Cake Money Bank
22646,Ceramic Strawberry Cake Money Bank
22647,Ceramic Love Heart Money Bank
22650,Ceramic Pirate Chest Money Bank
22651,Gentleman Shirt Repair Kit
22653,Button Box
22659,Lunch Box I Love London
22666,Recipe Box Pantry Yellow Design
22675,French Kitchen Sign Blue Metal
22676,French Blue Metal Door Sign 1
22679,French Blue Metal Door Sign 4
22687,Doormat Christmas Village
22693,Grow A Flytrap Or Sunflower In Tin
22694,Wicker Star
22695,Wicker Wreath Small
22697,Green Regency Teacup And Saucer
22698,Pink Regency Teacup And Saucer
22699,Roses Regency Teacup And Saucer
22701,Pink Dog Bowl
22703,Pink Cat Bowl
22713,Card I Love London
22714,Card Birthday Cowboy
22716,Card Circus Parade
22717,Card Dog And Ball
22720,Set Of 3 Cake Tins Pantry Design
22722,Set Of 6 Spice Tins Pantry Design
22725,Alarm Clock Bakelike Chocolate
22726,Alarm Clock Bakelike Green
22728,Alarm Clock Bakelike Pink
22734,Set Of 6 Ribbons Vintage Christmas
22735,Ribbon Reel Socks And Mittens
22736,Ribbon Reel Making Snowmen
22739,Ribbon Reel Christmas Sock Bauble
22741,Funky Diva Pen
22743,Make Your Own Flowerpower Card Kit
22749,Feltcraft Princess Charlotte Doll
22750,Feltcraft Princess Lola Doll
22751,Feltcraft Princess Olivia Doll
22753,Small Yellow Babushka Notebook
22754,Small Red Babushka Notebook
22755,Small Purple Babushka Notebook
22756,Large Yellow Babushka Notebook
22758,Large Purple Babushka Notebook
22763,Key Cabinet Ma Campagne
22771,Clear Drawer Knob Acrylic Edwardian
22791,T-Light Glass Fluted Antique
22792,Fluted Antique Candle Holder
22795,Sweetheart Recipe Book Stand
22798,Antique Glass Dressing Table Pot
22805,Blue Drawer Knob Acrylic Edwardian
22809,Set Of 6 T-Lights Santa
22814,Card Party Games
22815,Card Psychedelic Apples
